thisN,thisTrialN,thisRepN,mouse.x,mouse.y,mouse.leftButton,mouse.midButton,mouse.rightButton,mouse.time,mouse.clicked_name,trials.thisRepN,trials.thisTrialN,trials.thisN,trials.thisIndex,thisRow.t,notes,num_distr,trial.started,fixation.started,target.started,mouse.started,trial.stopped,trials.mouse.x,trials.mouse.y,trials.mouse.leftButton,trials.mouse.midButton,trials.mouse.rightButton,trials.mouse.time,trials.mouse.clicked_name,participant,session,date,expName,expVersion,psychopyVersion,frameRate,expStart,
0,0,0,[np.float64(0.345)],[np.float64(0.445)],[1],[0],[0],[4.162732583001343],['target'],0,0,0,0,0.044248209000215866,,10,0.02815516700138687,0.044248209000215866,0.044248209000215866,0.02816641699973843,4.190956500002358,[np.float64(0.345)],[np.float64(0.445)],[1],[0],[0],[4.162732583001343],['target'],005,001,2025-09-30_12h00.34.381,Visual Search,,2025.1.1,None,2025-09-30 12h00.48.558655 +0530,
1,0,1,"[np.float64(-0.06375), np.float64(-0.08)]","[np.float64(0.03375), np.float64(-0.04375)]","[1, 1]","[0, 0]","[0, 0]","[2.669942374999664, 3.9020590000000084]","[None, 'target']",1,0,1,0,4.220141917001456,,10,4.210548959003063,4.220141917001456,4.220141917001456,0.0193167090001225,8.11265616700257,"[np.float64(-0.06375), np.float64(-0.08)]","[np.float64(0.03375), np.float64(-0.04375)]","[1, 1]","[0, 0]","[0, 0]","[2.669942374999664, 3.9020590000000084]","[None, 'target']",005,001,2025-09-30_12h00.34.381,Visual Search,,2025.1.1,None,2025-09-30 12h00.48.558655 +0530,
2,0,2,"[np.float64(-0.14625), np.float64(-0.48)]","[np.float64(0.0525), np.float64(0.17375)]","[1, 1]","[0, 0]","[0, 0]","[1.5139097920000495, 3.8699191250016156]","[None, 'target']",2,0,2,0,8.140524459002336,,10,8.131441834000725,8.140524459002336,8.140524459002336,0.018372791000729194,12.001407292002114,"[np.float64(-0.14625), np.float64(-0.48)]","[np.float64(0.0525), np.float64(0.17375)]","[1, 1]","[0, 0]","[0, 0]","[1.5139097920000495, 3.8699191250016156]","[None, 'target']",005,001,2025-09-30_12h00.34.381,Visual Search,,2025.1.1,None,2025-09-30 12h00.48.558655 +0530,
3,0,3,"[np.float64(-0.00625), np.float64(0.04125)]","[np.float64(0.08125), np.float64(0.08125)]","[1, 1]","[0, 0]","[0, 0]","[1.9551850830030162, 2.433498750000581]","[None, 'target']",3,0,3,0,12.020456042002479,,5,12.013415209003142,12.020456042002479,12.020456042002479,0.011811209002189571,14.4470421670012,"[np.float64(-0.00625), np.float64(0.04125)]","[np.float64(0.08125), np.float64(0.08125)]","[1, 1]","[0, 0]","[0, 0]","[1.9551850830030162, 2.433498750000581]","[None, 'target']",005,001,2025-09-30_12h00.34.381,Visual Search,,2025.1.1,None,2025-09-30 12h00.48.558655 +0530,
4,0,4,[np.float64(-0.1325)],[np.float64(-0.175)],[1],[0],[0],[2.463940374997037],['target'],4,0,4,0,14.480474584001058,,10,14.470808667003439,14.480474584001058,14.480474584001058,0.02349787499770173,16.934795709003083,[np.float64(-0.1325)],[np.float64(-0.175)],[1],[0],[0],[2.463940374997037],['target'],005,001,2025-09-30_12h00.34.381,Visual Search,,2025.1.1,None,2025-09-30 12h00.48.558655 +0530,
5,0,5,[np.float64(-0.02375)],[np.float64(-0.27875)],[1],[0],[0],[2.37269995799943],['target'],5,0,5,0,16.952515584001958,,5,16.94589262500085,16.952515584001958,16.952515584001958,0.01094554199880804,19.31865391700194,[np.float64(-0.02375)],[np.float64(-0.27875)],[1],[0],[0],[2.37269995799943],['target'],005,001,2025-09-30_12h00.34.381,Visual Search,,2025.1.1,None,2025-09-30 12h00.48.558655 +0530,
6,0,6,"[np.float64(0.03375), np.float64(0.10625), np.float64(0.07875)]","[np.float64(-0.34625), np.float64(-0.32125), np.float64(-0.3225)]","[1, 1, 1]","[0, 0, 0]","[0, 0, 0]","[2.7219259169978613, 3.2268255419985508, 3.677678874999401]","[None, None, 'target']",6,0,6,0,19.349738000000798,,10,19.34074779200091,19.349738000000798,19.349738000000798,0.02191858300284366,23.01848175000123,"[np.float64(0.03375), np.float64(0.10625), np.float64(0.07875)]","[np.float64(-0.34625), np.float64(-0.32125), np.float64(-0.3225)]","[1, 1, 1]","[0, 0, 0]","[0, 0, 0]","[2.7219259169978613, 3.2268255419985508, 3.677678874999401]","[None, None, 'target']",005,001,2025-09-30_12h00.34.381,Visual Search,,2025.1.1,None,2025-09-30 12h00.48.558655 +0530,
7,0,7,"[np.float64(-0.1325), np.float64(-0.13375)]","[np.float64(0.1725), np.float64(0.14875)]","[1, 1]","[0, 0]","[0, 0]","[2.046467792002659, 2.8042023750022054]","[None, 'target']",7,0,7,0,23.049699792001775,,10,23.04002841700276,23.049699792001775,23.049699792001775,0.021267582997097634,25.844288542000868,"[np.float64(-0.1325), np.float64(-0.13375)]","[np.float64(0.1725), np.float64(0.14875)]","[1, 1]","[0, 0]","[0, 0]","[2.046467792002659, 2.8042023750022054]","[None, 'target']",005,001,2025-09-30_12h00.34.381,Visual Search,,2025.1.1,None,2025-09-30 12h00.48.558655 +0530,
8,0,8,[np.float64(-0.4075)],[np.float64(-0.14625)],[1],[0],[0],[2.75033433399949],['target'],8,0,8,0,25.87456645900238,,10,25.865014917002554,25.87456645900238,25.87456645900238,0.020469667000725167,28.615392125000653,[np.float64(-0.4075)],[np.float64(-0.14625)],[1],[0],[0],[2.75033433399949],['target'],005,001,2025-09-30_12h00.34.381,Visual Search,,2025.1.1,None,2025-09-30 12h00.48.558655 +0530,
9,0,9,[np.float64(-0.26625)],[np.float64(-0.18)],[1],[0],[0],[2.2760389169998234],['target'],9,0,9,0,28.630928167000093,,5,28.625041667000914,28.630928167000093,28.630928167000093,0.009514417000900721,30.901153417002206,[np.float64(-0.26625)],[np.float64(-0.18)],[1],[0],[0],[2.2760389169998234],['target'],005,001,2025-09-30_12h00.34.381,Visual Search,,2025.1.1,None,2025-09-30 12h00.48.558655 +0530,
10,0,10,[np.float64(0.01875)],[np.float64(-0.22375)],[1],[0],[0],[2.7391809999971883],['target'],10,0,10,0,30.93385529200168,,10,30.92360287500196,30.93385529200168,30.93385529200168,0.022311957996862475,33.662861125001655,[np.float64(0.01875)],[np.float64(-0.22375)],[1],[0],[0],[2.7391809999971883],['target'],005,001,2025-09-30_12h00.34.381,Visual Search,,2025.1.1,None,2025-09-30 12h00.48.558655 +0530,
11,0,11,[np.float64(0.31)],[np.float64(-0.18875)],[1],[0],[0],[2.2769790409984125],['target'],11,0,11,0,33.68219275000229,,5,33.67510395900172,33.68219275000229,33.68219275000229,0.012018333000014536,35.95215620900126,[np.float64(0.31)],[np.float64(-0.18875)],[1],[0],[0],[2.2769790409984125],['target'],005,001,2025-09-30_12h00.34.381,Visual Search,,2025.1.1,None,2025-09-30 12h00.48.558655 +0530,
12,0,12,[np.float64(-0.0425)],[np.float64(0.20125)],[1],[0],[0],[1.8879236669999955],['target'],12,0,12,0,35.98355483400155,,10,35.97468166700128,35.98355483400155,35.98355483400155,0.02235054099946865,37.86266325000179,[np.float64(-0.0425)],[np.float64(0.20125)],[1],[0],[0],[1.8879236669999955],['target'],005,001,2025-09-30_12h00.34.381,Visual Search,,2025.1.1,None,2025-09-30 12h00.48.558655 +0530,
13,0,13,[np.float64(0.165)],[np.float64(0.18125)],[1],[0],[0],[2.5885343330010073],['target'],13,0,13,0,37.88156220900055,,5,37.87427108400152,37.88156220900055,37.88156220900055,0.011407416997826658,40.46287079200192,[np.float64(0.165)],[np.float64(0.18125)],[1],[0],[0],[2.5885343330010073],['target'],005,001,2025-09-30_12h00.34.381,Visual Search,,2025.1.1,None,2025-09-30 12h00.48.558655 +0530,
14,0,14,[np.float64(0.40125)],[np.float64(-0.46375)],[1],[0],[0],[3.791635542002041],['target'],14,0,14,0,40.4838085420015,,5,40.476513417001115,40.4838085420015,40.4838085420015,0.01346979200025089,44.26819104200331,[np.float64(0.40125)],[np.float64(-0.46375)],[1],[0],[0],[3.791635542002041],['target'],005,001,2025-09-30_12h00.34.381,Visual Search,,2025.1.1,None,2025-09-30 12h00.48.558655 +0530,
15,0,15,"[np.float64(-0.4525), np.float64(-0.46)]","[np.float64(-0.1175), np.float64(-0.1725)]","[1, 1]","[0, 0]","[0, 0]","[3.224219666000863, 3.8509842499988736]","[None, 'target']",15,0,15,0,44.28511954200076,,5,44.27801550000004,44.28511954200076,44.28511954200076,0.009699459002149524,48.12906429200302,"[np.float64(-0.4525), np.float64(-0.46)]","[np.float64(-0.1175), np.float64(-0.1725)]","[1, 1]","[0, 0]","[0, 0]","[3.224219666000863, 3.8509842499988736]","[None, 'target']",005,001,2025-09-30_12h00.34.381,Visual Search,,2025.1.1,None,2025-09-30 12h00.48.558655 +0530,
16,0,16,[np.float64(-0.135)],[np.float64(-0.425)],[1],[0],[0],[3.125701458997355],['target'],16,0,16,0,48.14989408400288,,5,48.14250725000238,48.14989408400288,48.14989408400288,0.013240583000879269,51.26827195900114,[np.float64(-0.135)],[np.float64(-0.425)],[1],[0],[0],[3.125701458997355],['target'],005,001,2025-09-30_12h00.34.381,Visual Search,,2025.1.1,None,2025-09-30 12h00.48.558655 +0530,
17,0,17,[np.float64(0.17125)],[np.float64(-0.1875)],[1],[0],[0],[2.642922125000041],['target'],17,0,17,0,51.300911875001475,,10,51.29145525000058,51.300911875001475,51.300911875001475,0.023015208000288112,53.93443783400289,[np.float64(0.17125)],[np.float64(-0.1875)],[1],[0],[0],[2.642922125000041],['target'],005,001,2025-09-30_12h00.34.381,Visual Search,,2025.1.1,None,2025-09-30 12h00.48.558655 +0530,
18,0,18,[np.float64(0.0175)],[np.float64(-0.4575)],[1],[0],[0],[3.1656614170024113],['target'],18,0,18,0,53.9532440840012,,5,53.94626500000231,53.9532440840012,53.9532440840012,0.011658292001811787,57.11198891700042,[np.float64(0.0175)],[np.float64(-0.4575)],[1],[0],[0],[3.1656614170024113],['target'],005,001,2025-09-30_12h00.34.381,Visual Search,,2025.1.1,None,2025-09-30 12h00.48.558655 +0530,
19,0,19,[np.float64(0.37125)],[np.float64(0.31)],[1],[0],[0],[4.2373816250001255],['target'],19,0,19,0,57.132933459000924,,5,57.125334625001415,57.132933459000924,57.132933459000924,0.013182000002416316,61.362767250000616,[np.float64(0.37125)],[np.float64(0.31)],[1],[0],[0],[4.2373816250001255],['target'],005,001,2025-09-30_12h00.34.381,Visual Search,,2025.1.1,None,2025-09-30 12h00.48.558655 +0530,
20,0,20,[np.float64(0.06875)],[np.float64(-0.13)],[1],[0],[0],[1.613214999997581],['target'],20,0,20,0,61.39261387500301,,10,61.38300900000104,61.39261387500301,61.39261387500301,0.020096584001294104,62.996298125002795,[np.float64(0.06875)],[np.float64(-0.13)],[1],[0],[0],[1.613214999997581],['target'],005,001,2025-09-30_12h00.34.381,Visual Search,,2025.1.1,None,2025-09-30 12h00.48.558655 +0530,
21,0,21,[np.float64(0.465)],[np.float64(-0.25875)],[1],[0],[0],[2.028299458001129],['target'],21,0,21,0,63.026361542000814,,10,63.01673308400132,63.026361542000814,63.026361542000814,0.020201499999529915,65.04508079200241,[np.float64(0.465)],[np.float64(-0.25875)],[1],[0],[0],[2.028299458001129],['target'],005,001,2025-09-30_12h00.34.381,Visual Search,,2025.1.1,None,2025-09-30 12h00.48.558655 +0530,
22,0,22,[np.float64(-0.21375)],[np.float64(0.475)],[1],[0],[0],[3.1547753750019183],['target'],22,0,22,0,65.06414258400036,,5,65.05705533400032,65.06414258400036,65.06414258400036,0.011809040999651188,68.21189316700111,[np.float64(-0.21375)],[np.float64(0.475)],[1],[0],[0],[3.1547753750019183],['target'],005,001,2025-09-30_12h00.34.381,Visual Search,,2025.1.1,None,2025-09-30 12h00.48.558655 +0530,
23,0,23,[np.float64(0.07375)],[np.float64(0.31375)],[1],[0],[0],[1.3782829159972607],['target'],23,0,23,0,68.24279562500305,,10,68.23320225000134,68.24279562500305,68.24279562500305,0.021137499999895226,69.61152645900074,[np.float64(0.07375)],[np.float64(0.31375)],[1],[0],[0],[1.3782829159972607],['target'],005,001,2025-09-30_12h00.34.381,Visual Search,,2025.1.1,None,2025-09-30 12h00.48.558655 +0530,
24,0,24,[np.float64(-0.0325)],[np.float64(-0.40875)],[1],[0],[0],[2.9475407499994617],['target'],24,0,24,0,69.62910783400002,,5,69.62223541700223,69.62910783400002,69.62910783400002,0.010541750001721084,72.5698438340005,[np.float64(-0.0325)],[np.float64(-0.40875)],[1],[0],[0],[2.9475407499994617],['target'],005,001,2025-09-30_12h00.34.381,Visual Search,,2025.1.1,None,2025-09-30 12h00.48.558655 +0530,
25,0,25,[np.float64(0.2725)],[np.float64(-0.10375)],[1],[0],[0],[2.0998101250006584],['target'],25,0,25,0,72.59054370900049,,5,72.5830115839999,72.59054370900049,72.59054370900049,0.012985833000129787,74.68288212500192,[np.float64(0.2725)],[np.float64(-0.10375)],[1],[0],[0],[2.0998101250006584],['target'],005,001,2025-09-30_12h00.34.381,Visual Search,,2025.1.1,None,2025-09-30 12h00.48.558655 +0530,
26,0,26,[np.float64(0.24625)],[np.float64(0.115)],[1],[0],[0],[2.6825405419986055],['target'],26,0,26,0,74.71100191700316,,10,74.70237787500082,74.71100191700316,74.71100191700316,0.01935270900139585,77.38495612500265,[np.float64(0.24625)],[np.float64(0.115)],[1],[0],[0],[2.6825405419986055],['target'],005,001,2025-09-30_12h00.34.381,Visual Search,,2025.1.1,None,2025-09-30 12h00.48.558655 +0530,
27,0,27,[np.float64(0.28)],[np.float64(-0.16875)],[1],[0],[0],[1.522897541999555],['target'],27,0,27,0,77.40242983400094,,5,77.39538745900063,77.40242983400094,77.40242983400094,0.010281499999109656,78.91834608400313,[np.float64(0.28)],[np.float64(-0.16875)],[1],[0],[0],[1.522897541999555],['target'],005,001,2025-09-30_12h00.34.381,Visual Search,,2025.1.1,None,2025-09-30 12h00.48.558655 +0530,
28,0,28,[np.float64(0.36)],[np.float64(0.33375)],[1],[0],[0],[2.1109503750012664],['target'],28,0,28,0,78.95006000000285,,10,78.94025095899997,78.95006000000285,78.95006000000285,0.02173975000187056,81.05123758400077,[np.float64(0.36)],[np.float64(0.33375)],[1],[0],[0],[2.1109503750012664],['target'],005,001,2025-09-30_12h00.34.381,Visual Search,,2025.1.1,None,2025-09-30 12h00.48.558655 +0530,
29,0,29,[np.float64(0.065)],[np.float64(-0.2075)],[1],[0],[0],[2.710213375001331],['target'],29,0,29,0,81.07884354199996,,10,81.06936145900181,81.07884354199996,81.07884354199996,0.017983875000936678,83.77962658400065,[np.float64(0.065)],[np.float64(-0.2075)],[1],[0],[0],[2.710213375001331],['target'],005,001,2025-09-30_12h00.34.381,Visual Search,,2025.1.1,None,2025-09-30 12h00.48.558655 +0530,
30,0,30,[np.float64(0.40875)],[np.float64(-0.16125)],[1],[0],[0],[2.362742500001332],['target'],30,0,30,0,83.79719812500116,,5,83.79006533400025,83.79719812500116,83.79719812500116,0.01025895799830323,86.15288729200256,[np.float64(0.40875)],[np.float64(-0.16125)],[1],[0],[0],[2.362742500001332],['target'],005,001,2025-09-30_12h00.34.381,Visual Search,,2025.1.1,None,2025-09-30 12h00.48.558655 +0530,
31,0,31,[np.float64(-0.3675)],[np.float64(-0.26125)],[1],[0],[0],[2.586180582999077],['target'],31,0,31,0,86.18496600000071,,10,86.17501550000088,86.18496600000071,86.18496600000071,0.02192891700178734,88.76123975000155,[np.float64(-0.3675)],[np.float64(-0.26125)],[1],[0],[0],[2.586180582999077],['target'],005,001,2025-09-30_12h00.34.381,Visual Search,,2025.1.1,None,2025-09-30 12h00.48.558655 +0530,
32,0,32,[np.float64(0.04)],[np.float64(-0.44)],[1],[0],[0],[2.13907250000193],['target'],32,0,32,0,88.78912020900316,,10,88.77894175000256,88.78912020900316,88.78912020900316,0.017573958000866696,90.91806483400069,[np.float64(0.04)],[np.float64(-0.44)],[1],[0],[0],[2.13907250000193],['target'],005,001,2025-09-30_12h00.34.381,Visual Search,,2025.1.1,None,2025-09-30 12h00.48.558655 +0530,
33,0,33,[np.float64(-0.42875)],[np.float64(0.4875)],[1],[0],[0],[4.572568958999909],['target'],33,0,33,0,90.93581800000175,,5,90.92878470900177,90.93581800000175,90.93581800000175,0.010530708997976035,95.50143075000233,[np.float64(-0.42875)],[np.float64(0.4875)],[1],[0],[0],[4.572568958999909],['target'],005,001,2025-09-30_12h00.34.381,Visual Search,,2025.1.1,None,2025-09-30 12h00.48.558655 +0530,
34,0,34,[np.float64(0.34375)],[np.float64(-0.1875)],[1],[0],[0],[2.8893187079993368],['target'],34,0,34,0,95.53228295900044,,10,95.5227610840011,95.53228295900044,95.53228295900044,0.021063749998575076,98.4121024590022,[np.float64(0.34375)],[np.float64(-0.1875)],[1],[0],[0],[2.8893187079993368],['target'],005,001,2025-09-30_12h00.34.381,Visual Search,,2025.1.1,None,2025-09-30 12h00.48.558655 +0530,
35,0,35,[np.float64(-0.2275)],[np.float64(0.40625)],[1],[0],[0],[4.161493584000709],['target'],35,0,35,0,98.4303585000016,,5,98.42317516700132,98.4303585000016,98.4303585000016,0.010874458002945175,102.58472733400049,[np.float64(-0.2275)],[np.float64(0.40625)],[1],[0],[0],[4.161493584000709],['target'],005,001,2025-09-30_12h00.34.381,Visual Search,,2025.1.1,None,2025-09-30 12h00.48.558655 +0530,
36,0,36,[np.float64(0.3325)],[np.float64(-0.26875)],[1],[0],[0],[4.249549209001998],['target'],36,0,36,0,102.60398341700056,,5,102.59677537500102,102.60398341700056,102.60398341700056,0.011909041997569147,106.84640491700338,[np.float64(0.3325)],[np.float64(-0.26875)],[1],[0],[0],[4.249549209001998],['target'],005,001,2025-09-30_12h00.34.381,Visual Search,,2025.1.1,None,2025-09-30 12h00.48.558655 +0530,
37,0,37,[np.float64(0.3725)],[np.float64(-0.0825)],[1],[0],[0],[2.7593413750000764],['target'],37,0,37,0,106.87859141700028,,10,106.8686376250007,106.87859141700028,106.87859141700028,0.022029458999895724,109.62802195900076,[np.float64(0.3725)],[np.float64(-0.0825)],[1],[0],[0],[2.7593413750000764],['target'],005,001,2025-09-30_12h00.34.381,Visual Search,,2025.1.1,None,2025-09-30 12h00.48.558655 +0530,
38,0,38,[np.float64(0.01875)],[np.float64(0.2775)],[1],[0],[0],[5.354446209003072],['target'],38,0,38,0,109.65591450000284,,10,109.64689312500195,109.65591450000284,109.65591450000284,0.018709083000430837,115.00138741699993,[np.float64(0.01875)],[np.float64(0.2775)],[1],[0],[0],[5.354446209003072],['target'],005,001,2025-09-30_12h00.34.381,Visual Search,,2025.1.1,None,2025-09-30 12h00.48.558655 +0530,
39,0,39,[np.float64(0.4575)],[np.float64(0.0025)],[1],[0],[0],[2.02477970900145],['target'],39,0,39,0,115.0303302090033,,10,115.02068058400255,115.0303302090033,115.0303302090033,0.019144917001540307,117.04550050000034,[np.float64(0.4575)],[np.float64(0.0025)],[1],[0],[0],[2.02477970900145],['target'],005,001,2025-09-30_12h00.34.381,Visual Search,,2025.1.1,None,2025-09-30 12h00.48.558655 +0530,
40,0,40,[np.float64(-0.33125)],[np.float64(0.2525)],[1],[0],[0],[2.040338042002986],['target'],40,0,40,0,117.06230545900326,,5,117.05581345900282,117.06230545900326,117.06230545900326,0.010167665997869335,119.09621891700226,[np.float64(-0.33125)],[np.float64(0.2525)],[1],[0],[0],[2.040338042002986],['target'],005,001,2025-09-30_12h00.34.381,Visual Search,,2025.1.1,None,2025-09-30 12h00.48.558655 +0530,
41,0,41,[np.float64(0.39625)],[np.float64(0.04875)],[1],[0],[0],[2.9348908749998373],['target'],41,0,41,0,119.12632604200189,,10,119.11667262500123,119.12632604200189,119.12632604200189,0.020280124997952953,122.05160504200103,[np.float64(0.39625)],[np.float64(0.04875)],[1],[0],[0],[2.9348908749998373],['target'],005,001,2025-09-30_12h00.34.381,Visual Search,,2025.1.1,None,2025-09-30 12h00.48.558655 +0530,
42,0,42,[np.float64(0.49125)],[np.float64(-0.4775)],[1],[0],[0],[2.5142718749993946],['target'],42,0,42,0,122.07998941700134,,10,122.07034054200267,122.07998941700134,122.07998941700134,0.018579834002593998,124.58465054200133,[np.float64(0.49125)],[np.float64(-0.4775)],[1],[0],[0],[2.5142718749993946],['target'],005,001,2025-09-30_12h00.34.381,Visual Search,,2025.1.1,None,2025-09-30 12h00.48.558655 +0530,
43,0,43,"[np.float64(-0.43875), np.float64(-0.49875), np.float64(-0.45875)]","[np.float64(0.12875), np.float64(0.0125), np.float64(0.07)]","[1, 1, 1]","[0, 0, 0]","[0, 0, 0]","[2.9749077499982377, 3.7238025830010884, 4.793503958000656]","[None, None, 'target']",43,0,43,0,124.6136370000022,,10,124.60381891700308,124.6136370000022,124.6136370000022,0.019025083998712944,129.39736116700078,"[np.float64(-0.43875), np.float64(-0.49875), np.float64(-0.45875)]","[np.float64(0.12875), np.float64(0.0125), np.float64(0.07)]","[1, 1, 1]","[0, 0, 0]","[0, 0, 0]","[2.9749077499982377, 3.7238025830010884, 4.793503958000656]","[None, None, 'target']",005,001,2025-09-30_12h00.34.381,Visual Search,,2025.1.1,None,2025-09-30 12h00.48.558655 +0530,
44,0,44,[np.float64(0.41625)],[np.float64(0.38125)],[1],[0],[0],[4.563388791997568],['target'],44,0,44,0,129.4248660000012,,10,129.4150749170003,129.4248660000012,129.4248660000012,0.017531375000544358,133.97851245900165,[np.float64(0.41625)],[np.float64(0.38125)],[1],[0],[0],[4.563388791997568],['target'],005,001,2025-09-30_12h00.34.381,Visual Search,,2025.1.1,None,2025-09-30 12h00.48.558655 +0530,
45,0,45,[np.float64(-0.005)],[np.float64(0.03625)],[1],[0],[0],[7.265090625001903],['target'],45,0,45,0,134.00689225000315,,10,133.9970110840004,134.00689225000315,134.00689225000315,0.018316542002139613,141.26216504200056,[np.float64(-0.005)],[np.float64(0.03625)],[1],[0],[0],[7.265090625001903],['target'],005,001,2025-09-30_12h00.34.381,Visual Search,,2025.1.1,None,2025-09-30 12h00.48.558655 +0530,
46,0,46,[np.float64(0.315)],[np.float64(-0.21)],[1],[0],[0],[1.7632850000009057],['target'],46,0,46,0,141.2905105000027,,10,141.28096791700227,141.2905105000027,141.2905105000027,0.018597709000459872,143.04428499999995,[np.float64(0.315)],[np.float64(-0.21)],[1],[0],[0],[1.7632850000009057],['target'],005,001,2025-09-30_12h00.34.381,Visual Search,,2025.1.1,None,2025-09-30 12h00.48.558655 +0530,
47,0,47,[np.float64(-0.25875)],[np.float64(0.3625)],[1],[0],[0],[1.51177899999675],['target'],47,0,47,0,143.06130174999998,,5,143.05425000000105,143.06130174999998,143.06130174999998,0.009825959001318552,144.5660886250007,[np.float64(-0.25875)],[np.float64(0.3625)],[1],[0],[0],[1.51177899999675],['target'],005,001,2025-09-30_12h00.34.381,Visual Search,,2025.1.1,None,2025-09-30 12h00.48.558655 +0530,
48,0,48,[np.float64(0.13125)],[np.float64(0.4925)],[1],[0],[0],[3.491527000001952],['target'],48,0,48,0,144.58431620900228,,5,144.5772665000004,144.58431620900228,144.58431620900228,0.011034916999051347,148.06886820900036,[np.float64(0.13125)],[np.float64(0.4925)],[1],[0],[0],[3.491527000001952],['target'],005,001,2025-09-30_12h00.34.381,Visual Search,,2025.1.1,None,2025-09-30 12h00.48.558655 +0530,
49,0,49,[np.float64(0.4575)],[np.float64(-0.2375)],[1],[0],[0],[1.720744874997763],['target'],49,0,49,0,148.1008236250018,,10,148.09111900000062,148.1008236250018,148.1008236250018,0.02206691700121155,149.81191737500194,[np.float64(0.4575)],[np.float64(-0.2375)],[1],[0],[0],[1.720744874997763],['target'],005,001,2025-09-30_12h00.34.381,Visual Search,,2025.1.1,None,2025-09-30 12h00.48.558655 +0530,
50,0,50,[np.float64(-0.4475)],[np.float64(0.38625)],[1],[0],[0],[2.0276279159988917],['target'],50,0,50,0,149.830307334003,,5,149.82328012500147,149.830307334003,149.830307334003,0.011192709000169998,151.8509777090003,[np.float64(-0.4475)],[np.float64(0.38625)],[1],[0],[0],[2.0276279159988917],['target'],005,001,2025-09-30_12h00.34.381,Visual Search,,2025.1.1,None,2025-09-30 12h00.48.558655 +0530,
51,0,51,[np.float64(-0.37875)],[np.float64(-0.45875)],[1],[0],[0],[3.305235875002836],['target'],51,0,51,0,151.8818814590013,,10,151.87210316700293,151.8818814590013,151.8818814590013,0.020906249999825377,155.17739362500288,[np.float64(-0.37875)],[np.float64(-0.45875)],[1],[0],[0],[3.305235875002836],['target'],005,001,2025-09-30_12h00.34.381,Visual Search,,2025.1.1,None,2025-09-30 12h00.48.558655 +0530,
52,0,52,"[np.float64(-0.355), np.float64(-0.3025)]","[np.float64(-0.25), np.float64(-0.25375)]","[1, 1]","[0, 0]","[0, 0]","[1.2581190420023631, 2.0129403749997437]","[None, 'target']",52,0,52,0,155.19430712500252,,5,155.18733862500085,155.19430712500252,155.19430712500252,0.009805124998820247,157.20034204200056,"[np.float64(-0.355), np.float64(-0.3025)]","[np.float64(-0.25), np.float64(-0.25375)]","[1, 1]","[0, 0]","[0, 0]","[1.2581190420023631, 2.0129403749997437]","[None, 'target']",005,001,2025-09-30_12h00.34.381,Visual Search,,2025.1.1,None,2025-09-30 12h00.48.558655 +0530,
53,0,53,[np.float64(0.1225)],[np.float64(-0.08375)],[1],[0],[0],[1.2471991250022256],['target'],53,0,53,0,157.23029704200235,,10,157.22039541699996,157.23029704200235,157.23029704200235,0.019879874998878222,158.46763645900137,[np.float64(0.1225)],[np.float64(-0.08375)],[1],[0],[0],[1.2471991250022256],['target'],005,001,2025-09-30_12h00.34.381,Visual Search,,2025.1.1,None,2025-09-30 12h00.48.558655 +0530,
54,0,54,[np.float64(-0.2175)],[np.float64(0.17)],[1],[0],[0],[2.097660374998668],['target'],54,0,54,0,158.49595645900263,,10,158.48598754200066,158.49595645900263,158.49595645900263,0.018209333000413608,160.5836837090028,[np.float64(-0.2175)],[np.float64(0.17)],[1],[0],[0],[2.097660374998668],['target'],005,001,2025-09-30_12h00.34.381,Visual Search,,2025.1.1,None,2025-09-30 12h00.48.558655 +0530,
55,0,55,[np.float64(-0.46875)],[np.float64(0.0475)],[1],[0],[0],[1.575949791000312],['target'],55,0,55,0,160.6112494170011,,10,160.6017179590017,160.6112494170011,160.6112494170011,0.01789795900185709,162.17771558400273,[np.float64(-0.46875)],[np.float64(0.0475)],[1],[0],[0],[1.575949791000312],['target'],005,001,2025-09-30_12h00.34.381,Visual Search,,2025.1.1,None,2025-09-30 12h00.48.558655 +0530,
56,0,56,[np.float64(0.11875)],[np.float64(0.0925)],[1],[0],[0],[2.229084291997424],['target'],56,0,56,0,162.19533200000296,,5,162.1882805000023,162.19533200000296,162.19533200000296,0.010398499998700572,164.41741350000302,[np.float64(0.11875)],[np.float64(0.0925)],[1],[0],[0],[2.229084291997424],['target'],005,001,2025-09-30_12h00.34.381,Visual Search,,2025.1.1,None,2025-09-30 12h00.48.558655 +0530,
57,0,57,[np.float64(-0.1525)],[np.float64(-0.32875)],[1],[0],[0],[1.566919875000167],['target'],57,0,57,0,164.4363927500017,,5,164.4291050000029,164.4363927500017,164.4363927500017,0.011555000000953441,165.99611958400055,[np.float64(-0.1525)],[np.float64(-0.32875)],[1],[0],[0],[1.566919875000167],['target'],005,001,2025-09-30_12h00.34.381,Visual Search,,2025.1.1,None,2025-09-30 12h00.48.558655 +0530,
58,0,58,[np.float64(-0.27875)],[np.float64(-0.12625)],[1],[0],[0],[2.599084915997082],['target'],58,0,58,0,166.02845170900036,,10,166.01838662500086,166.02845170900036,166.02845170900036,0.022076334000303177,168.61752291700031,[np.float64(-0.27875)],[np.float64(-0.12625)],[1],[0],[0],[2.599084915997082],['target'],005,001,2025-09-30_12h00.34.381,Visual Search,,2025.1.1,None,2025-09-30 12h00.48.558655 +0530,
59,0,59,[np.float64(-0.2975)],[np.float64(-0.00625)],[1],[0],[0],[1.867308041000797],['target'],59,0,59,0,168.63584075000108,,5,168.62881533400287,168.63584075000108,168.63584075000108,0.011133084000903182,170.49621033400035,[np.float64(-0.2975)],[np.float64(-0.00625)],[1],[0],[0],[1.867308041000797],['target'],005,001,2025-09-30_12h00.34.381,Visual Search,,2025.1.1,None,2025-09-30 12h00.48.558655 +0530,
60,0,60,[np.float64(-0.05625)],[np.float64(-0.44)],[1],[0],[0],[3.0320938329969067],['target'],60,0,60,0,170.528076417002,,10,170.51830204200087,170.528076417002,170.528076417002,0.021896374997595558,173.55043712500265,[np.float64(-0.05625)],[np.float64(-0.44)],[1],[0],[0],[3.0320938329969067],['target'],005,001,2025-09-30_12h00.34.381,Visual Search,,2025.1.1,None,2025-09-30 12h00.48.558655 +0530,
61,0,61,[np.float64(0.38625)],[np.float64(-0.31)],[1],[0],[0],[2.8490462080008],['target'],61,0,61,0,173.57882095900277,,10,173.56925537500138,173.57882095900277,173.57882095900277,0.018654792002053,176.4183511250012,[np.float64(0.38625)],[np.float64(-0.31)],[1],[0],[0],[2.8490462080008],['target'],005,001,2025-09-30_12h00.34.381,Visual Search,,2025.1.1,None,2025-09-30 12h00.48.558655 +0530,
62,0,62,[np.float64(0.37)],[np.float64(0.1125)],[1],[0],[0],[1.9333585419990413],['target'],62,0,62,0,176.43536825000047,,5,176.42854504200295,176.43536825000047,176.43536825000047,0.010018499997386243,178.36196520900194,[np.float64(0.37)],[np.float64(0.1125)],[1],[0],[0],[1.9333585419990413],['target'],005,001,2025-09-30_12h00.34.381,Visual Search,,2025.1.1,None,2025-09-30 12h00.48.558655 +0530,
63,0,63,[np.float64(0.33)],[np.float64(-0.385)],[1],[0],[0],[2.4950474590004887],['target'],63,0,63,0,178.39267933400333,,10,178.3830266670011,178.39267933400333,178.39267933400333,0.02089416600210825,180.878119625002,[np.float64(0.33)],[np.float64(-0.385)],[1],[0],[0],[2.4950474590004887],['target'],005,001,2025-09-30_12h00.34.381,Visual Search,,2025.1.1,None,2025-09-30 12h00.48.558655 +0530,
64,0,64,[np.float64(0.20875)],[np.float64(-0.20375)],[1],[0],[0],[2.656118457998673],['target'],64,0,64,0,180.8962597919999,,5,180.88923020900256,180.8962597919999,180.8962597919999,0.010948667000775458,183.5454222920016,[np.float64(0.20875)],[np.float64(-0.20375)],[1],[0],[0],[2.656118457998673],['target'],005,001,2025-09-30_12h00.34.381,Visual Search,,2025.1.1,None,2025-09-30 12h00.48.558655 +0530,
65,0,65,[np.float64(0.48)],[np.float64(0.0175)],[1],[0],[0],[1.6253924170014216],['target'],65,0,65,0,183.56659666700216,,5,183.55877487500038,183.56659666700216,183.56659666700216,0.013150292001228081,185.18423533399982,[np.float64(0.48)],[np.float64(0.0175)],[1],[0],[0],[1.6253924170014216],['target'],005,001,2025-09-30_12h00.34.381,Visual Search,,2025.1.1,None,2025-09-30 12h00.48.558655 +0530,
66,0,66,[np.float64(-0.255)],[np.float64(-0.4575)],[1],[0],[0],[2.4185650829967926],['target'],66,0,66,0,185.2034368340028,,5,185.1960015420009,185.2034368340028,185.2034368340028,0.011593791001359932,187.61463025000194,[np.float64(-0.255)],[np.float64(-0.4575)],[1],[0],[0],[2.4185650829967926],['target'],005,001,2025-09-30_12h00.34.381,Visual Search,,2025.1.1,None,2025-09-30 12h00.48.558655 +0530,
67,0,67,[np.float64(0.0325)],[np.float64(0.04375)],[1],[0],[0],[2.6576984160019492],['target'],67,0,67,0,187.63370183400184,,5,187.62632145899988,187.63370183400184,187.63370183400184,0.011493000001792097,190.28408420900087,[np.float64(0.0325)],[np.float64(0.04375)],[1],[0],[0],[2.6576984160019492],['target'],005,001,2025-09-30_12h00.34.381,Visual Search,,2025.1.1,None,2025-09-30 12h00.48.558655 +0530,
68,0,68,[np.float64(0.325)],[np.float64(-0.385)],[1],[0],[0],[2.4570106670034875],['target'],68,0,68,0,190.31430650000038,,10,190.30469170900324,190.31430650000038,190.31430650000038,0.020424667000042973,192.76174879200335,[np.float64(0.325)],[np.float64(-0.385)],[1],[0],[0],[2.4570106670034875],['target'],005,001,2025-09-30_12h00.34.381,Visual Search,,2025.1.1,None,2025-09-30 12h00.48.558655 +0530,
69,0,69,[np.float64(0.305)],[np.float64(0.29)],[1],[0],[0],[2.7359967500015046],['target'],69,0,69,0,192.79021383400323,,10,192.78121162500247,192.79021383400323,192.79021383400323,0.01928224999937811,195.51725937500305,[np.float64(0.305)],[np.float64(0.29)],[1],[0],[0],[2.7359967500015046],['target'],005,001,2025-09-30_12h00.34.381,Visual Search,,2025.1.1,None,2025-09-30 12h00.48.558655 +0530,
70,0,70,[np.float64(-0.22375)],[np.float64(-0.0025)],[1],[0],[0],[2.865511082996818],['target'],70,0,70,0,195.53587337499994,,5,195.52879033400313,195.53587337499994,195.53587337499994,0.011348624997481238,198.3943598750011,[np.float64(-0.22375)],[np.float64(-0.0025)],[1],[0],[0],[2.865511082996818],['target'],005,001,2025-09-30_12h00.34.381,Visual Search,,2025.1.1,None,2025-09-30 12h00.48.558655 +0530,
71,0,71,[np.float64(-0.09125)],[np.float64(0.39)],[1],[0],[0],[3.411727915998199],['target'],71,0,71,0,198.4262833339999,,10,198.4165536670007,198.4262833339999,198.4262833339999,0.022027957998943748,201.8283300840012,[np.float64(-0.09125)],[np.float64(0.39)],[1],[0],[0],[3.411727915998199],['target'],005,001,2025-09-30_12h00.34.381,Visual Search,,2025.1.1,None,2025-09-30 12h00.48.558655 +0530,
72,0,72,[np.float64(0.13)],[np.float64(0.4425)],[1],[0],[0],[3.1033864579985675],['target'],72,0,72,0,201.8578064170033,,10,201.8479739170034,201.8578064170033,201.8578064170033,0.01947779200054356,204.9514152920019,[np.float64(0.13)],[np.float64(0.4425)],[1],[0],[0],[3.1033864579985675],['target'],005,001,2025-09-30_12h00.34.381,Visual Search,,2025.1.1,None,2025-09-30 12h00.48.558655 +0530,
73,0,73,[np.float64(0.4325)],[np.float64(-0.02625)],[1],[0],[0],[2.791385500000615],['target'],73,0,73,0,204.9794684590015,,10,204.96988883400263,204.9794684590015,204.9794684590015,0.018299584000487812,207.7613187090028,[np.float64(0.4325)],[np.float64(-0.02625)],[1],[0],[0],[2.791385500000615],['target'],005,001,2025-09-30_12h00.34.381,Visual Search,,2025.1.1,None,2025-09-30 12h00.48.558655 +0530,
74,0,74,[np.float64(-0.4325)],[np.float64(-0.27875)],[1],[0],[0],[2.6113364580014604],['target'],74,0,74,0,207.77947687500273,,5,207.77245545900223,207.77947687500273,207.77947687500273,0.010976958998071495,210.38386166700002,[np.float64(-0.4325)],[np.float64(-0.27875)],[1],[0],[0],[2.6113364580014604],['target'],005,001,2025-09-30_12h00.34.381,Visual Search,,2025.1.1,None,2025-09-30 12h00.48.558655 +0530,
75,0,75,[np.float64(-0.2125)],[np.float64(0.365)],[1],[0],[0],[2.3880001670004276],['target'],75,0,75,0,210.4026547090034,,5,210.39541679200192,210.4026547090034,210.4026547090034,0.011385124998923857,212.78347787500024,[np.float64(-0.2125)],[np.float64(0.365)],[1],[0],[0],[2.3880001670004276],['target'],005,001,2025-09-30_12h00.34.381,Visual Search,,2025.1.1,None,2025-09-30 12h00.48.558655 +0530,
76,0,76,[np.float64(-0.27)],[np.float64(-0.4375)],[1],[0],[0],[3.095507541002007],['target'],76,0,76,0,212.81439929200133,,10,212.80480970900317,212.81439929200133,212.81439929200133,0.021168250001210254,215.90035408400217,[np.float64(-0.27)],[np.float64(-0.4375)],[1],[0],[0],[3.095507541002007],['target'],005,001,2025-09-30_12h00.34.381,Visual Search,,2025.1.1,None,2025-09-30 12h00.48.558655 +0530,
77,0,77,[np.float64(0.19)],[np.float64(0.4575)],[1],[0],[0],[4.147541667000041],['target'],77,0,77,0,215.92939141700117,,10,215.91955541700008,215.92939141700117,215.92939141700117,0.019062957999267383,220.0671350420016,[np.float64(0.19)],[np.float64(0.4575)],[1],[0],[0],[4.147541667000041],['target'],005,001,2025-09-30_12h00.34.381,Visual Search,,2025.1.1,None,2025-09-30 12h00.48.558655 +0530,
78,0,78,[np.float64(0.13875)],[np.float64(0.0125)],[1],[0],[0],[2.148070833998645],['target'],78,0,78,0,220.09485762500117,,10,220.0853123750021,220.09485762500117,220.09485762500117,0.018039167000097223,222.23342754199984,[np.float64(0.13875)],[np.float64(0.0125)],[1],[0],[0],[2.148070833998645],['target'],005,001,2025-09-30_12h00.34.381,Visual Search,,2025.1.1,None,2025-09-30 12h00.48.558655 +0530,
79,0,79,[np.float64(0.32875)],[np.float64(-0.25125)],[1],[0],[0],[2.931290666998393],['target'],79,0,79,0,222.2617303750012,,10,222.2524621670018,222.2617303750012,222.2617303750012,0.018859125000744825,225.18379358400125,[np.float64(0.32875)],[np.float64(-0.25125)],[1],[0],[0],[2.931290666998393],['target'],005,001,2025-09-30_12h00.34.381,Visual Search,,2025.1.1,None,2025-09-30 12h00.48.558655 +0530,
80,0,80,[np.float64(-0.365)],[np.float64(0.34625)],[1],[0],[0],[1.9661369579989696],['target'],80,0,80,0,225.20109137500185,,5,225.1941996250025,225.20109137500185,225.20109137500185,0.010263749998557614,227.16038695899988,[np.float64(-0.365)],[np.float64(0.34625)],[1],[0],[0],[1.9661369579989696],['target'],005,001,2025-09-30_12h00.34.381,Visual Search,,2025.1.1,None,2025-09-30 12h00.48.558655 +0530,
81,0,81,[np.float64(0.065)],[np.float64(0.26875)],[1],[0],[0],[2.2292676249999204],['target'],81,0,81,0,227.1908774170006,,10,227.1810471250028,227.1908774170006,227.1908774170006,0.02052387499861652,229.41035870900305,[np.float64(0.065)],[np.float64(0.26875)],[1],[0],[0],[2.2292676249999204],['target'],005,001,2025-09-30_12h00.34.381,Visual Search,,2025.1.1,None,2025-09-30 12h00.48.558655 +0530,
82,0,82,[np.float64(-0.1125)],[np.float64(-0.3)],[1],[0],[0],[2.4898304999987886],['target'],82,0,82,0,229.42771950000315,,5,229.42079054200076,229.42771950000315,229.42771950000315,0.01026945899866405,231.91070162500182,[np.float64(-0.1125)],[np.float64(-0.3)],[1],[0],[0],[2.4898304999987886],['target'],005,001,2025-09-30_12h00.34.381,Visual Search,,2025.1.1,None,2025-09-30 12h00.48.558655 +0530,
83,0,83,[np.float64(0.4375)],[np.float64(-0.01)],[1],[0],[0],[2.543601999997918],['target'],83,0,83,0,231.94290170900058,,10,231.93302908400074,231.94290170900058,231.94290170900058,0.02215254200200434,234.4766660000023,[np.float64(0.4375)],[np.float64(-0.01)],[1],[0],[0],[2.543601999997918],['target'],005,001,2025-09-30_12h00.34.381,Visual Search,,2025.1.1,None,2025-09-30 12h00.48.558655 +0530,
84,0,84,[np.float64(0.26125)],[np.float64(-0.13125)],[1],[0],[0],[1.6164053749998857],['target'],84,0,84,0,234.5042858750021,,10,234.49469050000334,234.5042858750021,234.5042858750021,0.017886666999402223,236.11114241700125,[np.float64(0.26125)],[np.float64(-0.13125)],[1],[0],[0],[1.6164053749998857],['target'],005,001,2025-09-30_12h00.34.381,Visual Search,,2025.1.1,None,2025-09-30 12h00.48.558655 +0530,
85,0,85,[np.float64(0.30625)],[np.float64(-0.23375)],[1],[0],[0],[1.514454874999501],['target'],85,0,85,0,236.1393035000001,,10,236.12982062500305,236.1393035000001,236.1393035000001,0.018503749997762498,237.64431579200027,[np.float64(0.30625)],[np.float64(-0.23375)],[1],[0],[0],[1.514454874999501],['target'],005,001,2025-09-30_12h00.34.381,Visual Search,,2025.1.1,None,2025-09-30 12h00.48.558655 +0530,
86,0,86,[np.float64(-0.11375)],[np.float64(-0.335)],[1],[0],[0],[1.628323917000671],['target'],86,0,86,0,237.6613840420032,,5,237.65440954200312,237.6613840420032,237.6613840420032,0.00995191600304679,239.2827857500015,[np.float64(-0.11375)],[np.float64(-0.335)],[1],[0],[0],[1.628323917000671],['target'],005,001,2025-09-30_12h00.34.381,Visual Search,,2025.1.1,None,2025-09-30 12h00.48.558655 +0530,
87,0,87,[np.float64(-0.11125)],[np.float64(-0.215)],[1],[0],[0],[1.8221851250018517],['target'],87,0,87,0,239.3015659590019,,5,239.29432937500314,239.3015659590019,239.3015659590019,0.011403917000279762,241.11657783400005,[np.float64(-0.11125)],[np.float64(-0.215)],[1],[0],[0],[1.8221851250018517],['target'],005,001,2025-09-30_12h00.34.381,Visual Search,,2025.1.1,None,2025-09-30 12h00.48.558655 +0530,
88,0,88,[np.float64(0.2575)],[np.float64(0.2125)],[1],[0],[0],[2.179657666998537],['target'],88,0,88,0,241.14728720900166,,10,241.13748133400077,241.14728720900166,241.14728720900166,0.02071383400107152,243.31718291700236,[np.float64(0.2575)],[np.float64(0.2125)],[1],[0],[0],[2.179657666998537],['target'],005,001,2025-09-30_12h00.34.381,Visual Search,,2025.1.1,None,2025-09-30 12h00.48.558655 +0530,
89,0,89,"[np.float64(0.18375), np.float64(0.185), np.float64(0.185)]","[np.float64(-0.41625), np.float64(-0.42625), np.float64(-0.43625)]","[1, 1, 1]","[0, 0, 0]","[0, 0, 0]","[2.2462502919988765, 2.706199625001318, 3.0904202919991803]","[None, None, 'target']",89,0,89,0,243.34662454200225,,10,243.3368870000013,243.34662454200225,243.34662454200225,0.019541333000233863,246.42736337500173,"[np.float64(0.18375), np.float64(0.185), np.float64(0.185)]","[np.float64(-0.41625), np.float64(-0.42625), np.float64(-0.43625)]","[1, 1, 1]","[0, 0, 0]","[0, 0, 0]","[2.2462502919988765, 2.706199625001318, 3.0904202919991803]","[None, None, 'target']",005,001,2025-09-30_12h00.34.381,Visual Search,,2025.1.1,None,2025-09-30 12h00.48.558655 +0530,
90,0,90,[np.float64(0.3575)],[np.float64(-0.33375)],[1],[0],[0],[1.422301917002187],['target'],90,0,90,0,246.44591920899984,,5,246.43890470900078,246.44591920899984,246.44591920899984,0.011330249999446096,247.86127245900207,[np.float64(0.3575)],[np.float64(-0.33375)],[1],[0],[0],[1.422301917002187],['target'],005,001,2025-09-30_12h00.34.381,Visual Search,,2025.1.1,None,2025-09-30 12h00.48.558655 +0530,
91,0,91,[np.float64(-0.0025)],[np.float64(-0.36625)],[1],[0],[0],[1.6589672499976587],['target'],91,0,91,0,247.88187550000293,,5,247.8741816670008,247.88187550000293,247.88187550000293,0.012734416999592213,249.53320712500135,[np.float64(-0.0025)],[np.float64(-0.36625)],[1],[0],[0],[1.6589672499976587],['target'],005,001,2025-09-30_12h00.34.381,Visual Search,,2025.1.1,None,2025-09-30 12h00.48.558655 +0530,
92,0,92,"[np.float64(-0.215), np.float64(-0.2575)]","[np.float64(0.445), np.float64(0.44625)]","[1, 1]","[0, 0]","[0, 0]","[2.267661959001998, 3.1557246250013122]","[None, 'target']",92,0,92,0,249.5525502920027,,5,249.54511279200233,249.5525502920027,249.5525502920027,0.011744957999326289,252.70090687500124,"[np.float64(-0.215), np.float64(-0.2575)]","[np.float64(0.445), np.float64(0.44625)]","[1, 1]","[0, 0]","[0, 0]","[2.267661959001998, 3.1557246250013122]","[None, 'target']",005,001,2025-09-30_12h00.34.381,Visual Search,,2025.1.1,None,2025-09-30 12h00.48.558655 +0530,
93,0,93,[np.float64(-0.43625)],[np.float64(-0.47375)],[1],[0],[0],[2.1467639160000545],['target'],93,0,93,0,252.72213929200007,,5,252.71448874999987,252.72213929200007,252.72213929200007,0.013340416000573896,254.861326000002,[np.float64(-0.43625)],[np.float64(-0.47375)],[1],[0],[0],[2.1467639160000545],['target'],005,001,2025-09-30_12h00.34.381,Visual Search,,2025.1.1,None,2025-09-30 12h00.48.558655 +0530,
94,0,94,[np.float64(-0.18875)],[np.float64(-0.16125)],[1],[0],[0],[1.3365065830003005],['target'],94,0,94,0,254.88256529200225,,5,254.87476812500245,254.88256529200225,254.88256529200225,0.01324995899994974,256.2113288340006,[np.float64(-0.18875)],[np.float64(-0.16125)],[1],[0],[0],[1.3365065830003005],['target'],005,001,2025-09-30_12h00.34.381,Visual Search,,2025.1.1,None,2025-09-30 12h00.48.558655 +0530,
95,0,95,[np.float64(0.12)],[np.float64(0.46125)],[1],[0],[0],[2.243482875001064],['target'],95,0,95,0,256.23009850000017,,5,256.2228584170007,256.23009850000017,256.23009850000017,0.011359250001987675,258.4664024170015,[np.float64(0.12)],[np.float64(0.46125)],[1],[0],[0],[2.243482875001064],['target'],005,001,2025-09-30_12h00.34.381,Visual Search,,2025.1.1,None,2025-09-30 12h00.48.558655 +0530,
96,0,96,[np.float64(0.365)],[np.float64(-0.10875)],[1],[0],[0],[1.5846421249989362],['target'],96,0,96,0,258.48676162500124,,5,258.4792652920005,258.48676162500124,258.48676162500124,0.012705624998488929,260.0639782090002,[np.float64(0.365)],[np.float64(-0.10875)],[1],[0],[0],[1.5846421249989362],['target'],005,001,2025-09-30_12h00.34.381,Visual Search,,2025.1.1,None,2025-09-30 12h00.48.558655 +0530,
97,0,97,[np.float64(0.3875)],[np.float64(-0.38625)],[1],[0],[0],[2.7422804579982767],['target'],97,0,97,0,260.09406595900145,,10,260.0842466670001,260.09406595900145,260.09406595900145,0.02009149999867077,262.8265677920026,[np.float64(0.3875)],[np.float64(-0.38625)],[1],[0],[0],[2.7422804579982767],['target'],005,001,2025-09-30_12h00.34.381,Visual Search,,2025.1.1,None,2025-09-30 12h00.48.558655 +0530,
98,0,98,[np.float64(0.46)],[np.float64(-0.31125)],[1],[0],[0],[1.7815238750008575],['target'],98,0,98,0,262.8551115420014,,10,262.84536870900047,262.8551115420014,262.8551115420014,0.018640374997630715,264.6269330840005,[np.float64(0.46)],[np.float64(-0.31125)],[1],[0],[0],[1.7815238750008575],['target'],005,001,2025-09-30_12h00.34.381,Visual Search,,2025.1.1,None,2025-09-30 12h00.48.558655 +0530,
99,0,99,[np.float64(-0.37)],[np.float64(0.1825)],[1],[0],[0],[1.7537066669974593],['target'],99,0,99,0,264.65610533400104,,10,264.64641787500295,264.65610533400104,264.65610533400104,0.019326166999235284,266.400171917001,[np.float64(-0.37)],[np.float64(0.1825)],[1],[0],[0],[1.7537066669974593],['target'],005,001,2025-09-30_12h00.34.381,Visual Search,,2025.1.1,None,2025-09-30 12h00.48.558655 +0530,
100,0,100,[np.float64(0.0775)],[np.float64(0.0325)],[1],[0],[0],[1.0229021669983922],['target'],100,0,100,0,266.41758312500315,,5,266.41051687500294,266.41758312500315,266.41758312500315,0.01015887500034296,267.43348425000295,[np.float64(0.0775)],[np.float64(0.0325)],[1],[0],[0],[1.0229021669983922],['target'],005,001,2025-09-30_12h00.34.381,Visual Search,,2025.1.1,None,2025-09-30 12h00.48.558655 +0530,
101,0,101,[np.float64(0.49625)],[np.float64(-0.21375)],[1],[0],[0],[1.2868916670013277],['target'],101,0,101,0,267.45318325000335,,5,267.44572545900155,267.45318325000335,267.45318325000335,0.012071332999767037,268.7326928750008,[np.float64(0.49625)],[np.float64(-0.21375)],[1],[0],[0],[1.2868916670013277],['target'],005,001,2025-09-30_12h00.34.381,Visual Search,,2025.1.1,None,2025-09-30 12h00.48.558655 +0530,
102,0,102,[np.float64(0.02875)],[np.float64(-0.29375)],[1],[0],[0],[1.536785583000892],['target'],102,0,102,0,268.75385929200274,,5,268.7462633340001,268.75385929200274,268.75385929200274,0.0134022919992276,270.28309725000145,[np.float64(0.02875)],[np.float64(-0.29375)],[1],[0],[0],[1.536785583000892],['target'],005,001,2025-09-30_12h00.34.381,Visual Search,,2025.1.1,None,2025-09-30 12h00.48.558655 +0530,
103,0,103,[np.float64(-0.245)],[np.float64(0.4675)],[1],[0],[0],[2.032159541002329],['target'],103,0,103,0,270.3017423340025,,5,270.2945604170018,270.3017423340025,270.3017423340025,0.011321667003358016,272.32678300000043,[np.float64(-0.245)],[np.float64(0.4675)],[1],[0],[0],[2.032159541002329],['target'],005,001,2025-09-30_12h00.34.381,Visual Search,,2025.1.1,None,2025-09-30 12h00.48.558655 +0530,
104,0,104,[np.float64(0.32)],[np.float64(-0.0525)],[1],[0],[0],[1.338777958000719],['target'],104,0,104,0,272.34703308400276,,5,272.3392601250016,272.34703308400276,272.34703308400276,0.012306958000408486,273.67809808400125,[np.float64(0.32)],[np.float64(-0.0525)],[1],[0],[0],[1.338777958000719],['target'],005,001,2025-09-30_12h00.34.381,Visual Search,,2025.1.1,None,2025-09-30 12h00.48.558655 +0530,
105,0,105,[np.float64(0.0425)],[np.float64(0.04375)],[1],[0],[0],[1.153937875002157],['target'],105,0,105,0,273.6982091250029,,5,273.6907294170014,273.6982091250029,273.6982091250029,0.012463916998967761,274.8447322920001,[np.float64(0.0425)],[np.float64(0.04375)],[1],[0],[0],[1.153937875002157],['target'],005,001,2025-09-30_12h00.34.381,Visual Search,,2025.1.1,None,2025-09-30 12h00.48.558655 +0530,
106,0,106,"[np.float64(-0.37875), np.float64(-0.28375), np.float64(-0.3175)]","[np.float64(-0.18375), np.float64(-0.15375), np.float64(-0.1725)]","[1, 1, 1]","[0, 0, 0]","[0, 0, 0]","[1.1367437919980148, 2.2273115829993912, 2.843015332997311]","[None, None, 'target']",106,0,106,0,274.86374075000276,,5,274.85652816700167,274.86374075000276,274.86374075000276,0.011628082997049205,277.699605167003,"[np.float64(-0.37875), np.float64(-0.28375), np.float64(-0.3175)]","[np.float64(-0.18375), np.float64(-0.15375), np.float64(-0.1725)]","[1, 1, 1]","[0, 0, 0]","[0, 0, 0]","[1.1367437919980148, 2.2273115829993912, 2.843015332997311]","[None, None, 'target']",005,001,2025-09-30_12h00.34.381,Visual Search,,2025.1.1,None,2025-09-30 12h00.48.558655 +0530,
107,0,107,[np.float64(-0.445)],[np.float64(-0.37375)],[1],[0],[0],[1.1104054170027666],['target'],107,0,107,0,277.73003087500183,,10,277.7201519170012,277.73003087500183,277.73003087500183,0.020327750000433298,278.8305856250008,[np.float64(-0.445)],[np.float64(-0.37375)],[1],[0],[0],[1.1104054170027666],['target'],005,001,2025-09-30_12h00.34.381,Visual Search,,2025.1.1,None,2025-09-30 12h00.48.558655 +0530,
108,0,108,[np.float64(-0.4825)],[np.float64(0.25875)],[1],[0],[0],[1.7367743750000955],['target'],108,0,108,0,278.8462463750002,,5,278.8400532500018,278.8462463750002,278.8462463750002,0.009318791999248788,280.57693520900284,[np.float64(-0.4825)],[np.float64(0.25875)],[1],[0],[0],[1.7367743750000955],['target'],005,001,2025-09-30_12h00.34.381,Visual Search,,2025.1.1,None,2025-09-30 12h00.48.558655 +0530,
109,0,109,[np.float64(0.22875)],[np.float64(-0.23)],[1],[0],[0],[1.2256540409980516],['target'],109,0,109,0,280.59838958399996,,5,280.59085270900323,280.59838958399996,280.59838958399996,0.013713125001231674,281.81655483400027,[np.float64(0.22875)],[np.float64(-0.23)],[1],[0],[0],[1.2256540409980516],['target'],005,001,2025-09-30_12h00.34.381,Visual Search,,2025.1.1,None,2025-09-30 12h00.48.558655 +0530,
110,0,110,[np.float64(0.3375)],[np.float64(-0.23125)],[1],[0],[0],[1.2410697079976671],['target'],110,0,110,0,281.8458365840015,,10,281.83604150000247,281.8458365840015,281.8458365840015,0.019353125000634464,283.07715433400153,[np.float64(0.3375)],[np.float64(-0.23125)],[1],[0],[0],[1.2410697079976671],['target'],005,001,2025-09-30_12h00.34.381,Visual Search,,2025.1.1,None,2025-09-30 12h00.48.558655 +0530,
111,0,111,"[np.float64(0.06), np.float64(-0.0025), np.float64(0.0375)]","[np.float64(-0.365), np.float64(-0.34375), np.float64(-0.365)]","[1, 1, 1]","[0, 0, 0]","[0, 0, 0]","[1.631657041998551, 2.2368389170005685, 2.840594749999582]","[None, None, 'target']",111,0,111,0,283.10474470900226,,10,283.0953764590013,283.10474470900226,283.10474470900226,0.01805716699891491,285.93605095900057,"[np.float64(0.06), np.float64(-0.0025), np.float64(0.0375)]","[np.float64(-0.365), np.float64(-0.34375), np.float64(-0.365)]","[1, 1, 1]","[0, 0, 0]","[0, 0, 0]","[1.631657041998551, 2.2368389170005685, 2.840594749999582]","[None, None, 'target']",005,001,2025-09-30_12h00.34.381,Visual Search,,2025.1.1,None,2025-09-30 12h00.48.558655 +0530,
112,0,112,[np.float64(0.12)],[np.float64(0.285)],[1],[0],[0],[1.346368958002131],['target'],112,0,112,0,285.9562404590033,,5,285.9484872920002,285.9562404590033,285.9562404590033,0.012204291000671219,287.2949126250023,[np.float64(0.12)],[np.float64(0.285)],[1],[0],[0],[1.346368958002131],['target'],005,001,2025-09-30_12h00.34.381,Visual Search,,2025.1.1,None,2025-09-30 12h00.48.558655 +0530,
113,0,113,[np.float64(0.14125)],[np.float64(0.2175)],[1],[0],[0],[0.8180609999981243],['target'],113,0,113,0,287.32441970900254,,10,287.31469912500324,287.32441970900254,287.32441970900254,0.019627540998044424,288.1328044590009,[np.float64(0.14125)],[np.float64(0.2175)],[1],[0],[0],[0.8180609999981243],['target'],005,001,2025-09-30_12h00.34.381,Visual Search,,2025.1.1,None,2025-09-30 12h00.48.558655 +0530,
114,0,114,[np.float64(-0.075)],[np.float64(-0.1025)],[1],[0],[0],[1.0891467080000439],['target'],114,0,114,0,288.15024554200136,,5,288.1433245840017,288.15024554200136,288.15024554200136,0.010351375000027474,289.232533917002,[np.float64(-0.075)],[np.float64(-0.1025)],[1],[0],[0],[1.0891467080000439],['target'],005,001,2025-09-30_12h00.34.381,Visual Search,,2025.1.1,None,2025-09-30 12h00.48.558655 +0530,
115,0,115,[np.float64(0.14875)],[np.float64(-0.165)],[1],[0],[0],[0.9392359160010528],['target'],115,0,115,0,289.251595042002,,5,289.2442205840016,289.251595042002,289.251595042002,0.011518584000441479,290.1835169170008,[np.float64(0.14875)],[np.float64(-0.165)],[1],[0],[0],[0.9392359160010528],['target'],005,001,2025-09-30_12h00.34.381,Visual Search,,2025.1.1,None,2025-09-30 12h00.48.558655 +0530,
116,0,116,[np.float64(0.4125)],[np.float64(-0.145)],[1],[0],[0],[2.187905167000281],['target'],116,0,116,0,290.2153648340027,,10,290.2056564170016,290.2153648340027,290.2153648340027,0.02198054199834587,292.39359437500025,[np.float64(0.4125)],[np.float64(-0.145)],[1],[0],[0],[2.187905167000281],['target'],005,001,2025-09-30_12h00.34.381,Visual Search,,2025.1.1,None,2025-09-30 12h00.48.558655 +0530,
117,0,117,[np.float64(-0.5075)],[np.float64(-0.3875)],[1],[0],[0],[1.6798425419983687],['target'],117,0,117,0,292.4103174590018,,5,292.4032097920026,292.4103174590018,292.4103174590018,0.009485375001531793,294.08309995900345,[np.float64(-0.5075)],[np.float64(-0.3875)],[1],[0],[0],[1.6798425419983687],['target'],005,001,2025-09-30_12h00.34.381,Visual Search,,2025.1.1,None,2025-09-30 12h00.48.558655 +0530,
118,0,118,[np.float64(-0.43625)],[np.float64(-0.04625)],[1],[0],[0],[2.2835140000024694],['target'],118,0,118,0,294.1017492090032,,5,294.0945171250023,294.1017492090032,294.1017492090032,0.01128433299891185,296.37810487500246,[np.float64(-0.43625)],[np.float64(-0.04625)],[1],[0],[0],[2.2835140000024694],['target'],005,001,2025-09-30_12h00.34.381,Visual Search,,2025.1.1,None,2025-09-30 12h00.48.558655 +0530,
119,0,119,[np.float64(-0.34125)],[np.float64(-0.09125)],[1],[0],[0],[1.7678041250001115],['target'],119,0,119,0,296.4083145000004,,10,296.39837575000274,296.4083145000004,296.4083145000004,0.020089082998310914,298.1662209590031,[np.float64(-0.34125)],[np.float64(-0.09125)],[1],[0],[0],[1.7678041250001115],['target'],005,001,2025-09-30_12h00.34.381,Visual Search,,2025.1.1,None,2025-09-30 12h00.48.558655 +0530,
120,0,120,[np.float64(0.22875)],[np.float64(-0.46375)],[1],[0],[0],[2.1411045830027433],['target'],120,0,120,0,298.19500866700037,,10,298.18517625000095,298.19500866700037,298.19500866700037,0.018803958002536092,300.326325334001,[np.float64(0.22875)],[np.float64(-0.46375)],[1],[0],[0],[2.1411045830027433],['target'],005,001,2025-09-30_12h00.34.381,Visual Search,,2025.1.1,None,2025-09-30 12h00.48.558655 +0530,
121,0,121,[np.float64(0.23875)],[np.float64(-0.075)],[1],[0],[0],[2.008317417003127],['target'],121,0,121,0,300.343402292001,,5,300.33639512500304,300.343402292001,300.343402292001,0.009930707998137223,302.3447817920023,[np.float64(0.23875)],[np.float64(-0.075)],[1],[0],[0],[2.008317417003127],['target'],005,001,2025-09-30_12h00.34.381,Visual Search,,2025.1.1,None,2025-09-30 12h00.48.558655 +0530,
122,0,122,[np.float64(-0.44125)],[np.float64(0.09375)],[1],[0],[0],[2.0039465419977205],['target'],122,0,122,0,302.36433516700345,,5,302.3567401250002,302.36433516700345,302.36433516700345,0.011771124998631421,304.36074145900056,[np.float64(-0.44125)],[np.float64(0.09375)],[1],[0],[0],[2.0039465419977205],['target'],005,001,2025-09-30_12h00.34.381,Visual Search,,2025.1.1,None,2025-09-30 12h00.48.558655 +0530,
123,0,123,[np.float64(0.03375)],[np.float64(0.09125)],[1],[0],[0],[1.7766183749990887],['target'],123,0,123,0,304.379564709001,,5,304.37221000000136,304.379564709001,304.379564709001,0.011316332998831058,306.14888920900194,[np.float64(0.03375)],[np.float64(0.09125)],[1],[0],[0],[1.7766183749990887],['target'],005,001,2025-09-30_12h00.34.381,Visual Search,,2025.1.1,None,2025-09-30 12h00.48.558655 +0530,
124,0,124,[np.float64(-0.28)],[np.float64(-0.29375)],[1],[0],[0],[1.5882352910011832],['target'],124,0,124,0,306.16854691700064,,5,306.1609864170023,306.16854691700064,306.16854691700064,0.011933041998418048,307.74928204200114,[np.float64(-0.28)],[np.float64(-0.29375)],[1],[0],[0],[1.5882352910011832],['target'],005,001,2025-09-30_12h00.34.381,Visual Search,,2025.1.1,None,2025-09-30 12h00.48.558655 +0530,
125,0,125,"[np.float64(0.05375), np.float64(-0.0125), np.float64(0.0225)]","[np.float64(-0.42), np.float64(-0.40875), np.float64(-0.40875)]","[1, 1, 1]","[0, 0, 0]","[0, 0, 0]","[2.580343042001914, 3.095421083999099, 3.6739019170017855]","[None, None, 'target']",125,0,125,0,307.77924245900067,,10,307.7697050420029,307.77924245900067,307.77924245900067,0.020260875000531087,311.44365058400217,"[np.float64(0.05375), np.float64(-0.0125), np.float64(0.0225)]","[np.float64(-0.42), np.float64(-0.40875), np.float64(-0.40875)]","[1, 1, 1]","[0, 0, 0]","[0, 0, 0]","[2.580343042001914, 3.095421083999099, 3.6739019170017855]","[None, None, 'target']",005,001,2025-09-30_12h00.34.381,Visual Search,,2025.1.1,None,2025-09-30 12h00.48.558655 +0530,
126,0,126,[np.float64(-0.49)],[np.float64(-0.41875)],[1],[0],[0],[1.9792127500004426],['target'],126,0,126,0,311.46191195900246,,5,311.4550657920008,311.46191195900246,311.46191195900246,0.011202166999282781,313.43434487500053,[np.float64(-0.49)],[np.float64(-0.41875)],[1],[0],[0],[1.9792127500004426],['target'],005,001,2025-09-30_12h00.34.381,Visual Search,,2025.1.1,None,2025-09-30 12h00.48.558655 +0530,
127,0,127,[np.float64(0.0525)],[np.float64(0.4525)],[1],[0],[0],[2.5710473749968514],['target'],127,0,127,0,313.46564420900177,,10,313.45586750000075,313.46564420900177,313.46564420900177,0.021334625002054963,316.02696437500344,[np.float64(0.0525)],[np.float64(0.4525)],[1],[0],[0],[2.5710473749968514],['target'],005,001,2025-09-30_12h00.34.381,Visual Search,,2025.1.1,None,2025-09-30 12h00.48.558655 +0530,
128,0,128,[np.float64(0.365)],[np.float64(-0.2425)],[1],[0],[0],[1.4443057909993513],['target'],128,0,128,0,316.04540758400253,,5,316.0382845840031,316.04540758400253,316.04540758400253,0.0111452500023006,317.4826540840004,[np.float64(0.365)],[np.float64(-0.2425)],[1],[0],[0],[1.4443057909993513],['target'],005,001,2025-09-30_12h00.34.381,Visual Search,,2025.1.1,None,2025-09-30 12h00.48.558655 +0530,
129,0,129,[np.float64(-0.3)],[np.float64(0.0525)],[1],[0],[0],[1.8210567080022884],['target'],129,0,129,0,317.5024719590001,,5,317.4950537500008,317.5024719590001,317.5024719590001,0.012229084000864532,319.3161707920008,[np.float64(-0.3)],[np.float64(0.0525)],[1],[0],[0],[1.8210567080022884],['target'],005,001,2025-09-30_12h00.34.381,Visual Search,,2025.1.1,None,2025-09-30 12h00.48.558655 +0530,
130,0,130,[np.float64(-0.245)],[np.float64(0.40125)],[1],[0],[0],[2.1707983749984123],['target'],130,0,130,0,319.3360354590004,,5,319.3284485000004,319.3360354590004,319.3360354590004,0.012122375002945773,321.4993069170014,[np.float64(-0.245)],[np.float64(0.40125)],[1],[0],[0],[2.1707983749984123],['target'],005,001,2025-09-30_12h00.34.381,Visual Search,,2025.1.1,None,2025-09-30 12h00.48.558655 +0530,
131,0,131,[np.float64(-0.1625)],[np.float64(0.34875)],[1],[0],[0],[1.6546310419980728],['target'],131,0,131,0,321.5185374590001,,5,321.51104220900015,321.5185374590001,321.5185374590001,0.011571667000680463,323.16573600000265,[np.float64(-0.1625)],[np.float64(0.34875)],[1],[0],[0],[1.6546310419980728],['target'],005,001,2025-09-30_12h00.34.381,Visual Search,,2025.1.1,None,2025-09-30 12h00.48.558655 +0530,
132,0,132,[np.float64(0.36125)],[np.float64(-0.3825)],[1],[0],[0],[2.1221856660013145],['target'],132,0,132,0,323.1858623340013,,5,323.1782857090002,323.1858623340013,323.1858623340013,0.012377915998513345,325.3005367500009,[np.float64(0.36125)],[np.float64(-0.3825)],[1],[0],[0],[2.1221856660013145],['target'],005,001,2025-09-30_12h00.34.381,Visual Search,,2025.1.1,None,2025-09-30 12h00.48.558655 +0530,
133,0,133,[np.float64(0.11875)],[np.float64(0.2175)],[1],[0],[0],[1.613864332997764],['target'],133,0,133,0,325.32106870900316,,5,325.313491375,325.32106870900316,325.32106870900316,0.012789083000825485,326.9274265000022,[np.float64(0.11875)],[np.float64(0.2175)],[1],[0],[0],[1.613864332997764],['target'],005,001,2025-09-30_12h00.34.381,Visual Search,,2025.1.1,None,2025-09-30 12h00.48.558655 +0530,
134,0,134,[np.float64(0.4675)],[np.float64(0.12875)],[1],[0],[0],[2.025782499997149],['target'],134,0,134,0,326.947585959002,,5,326.9400182919999,326.947585959002,326.947585959002,0.012405582998326281,328.9658672500009,[np.float64(0.4675)],[np.float64(0.12875)],[1],[0],[0],[2.025782499997149],['target'],005,001,2025-09-30_12h00.34.381,Visual Search,,2025.1.1,None,2025-09-30 12h00.48.558655 +0530,
135,0,135,[np.float64(-0.07)],[np.float64(-0.0075)],[1],[0],[0],[1.3998247919989808],['target'],135,0,135,0,328.98511529200186,,5,328.9777908750002,328.98511529200186,328.98511529200186,0.011737500000890577,330.3776778750034,[np.float64(-0.07)],[np.float64(-0.0075)],[1],[0],[0],[1.3998247919989808],['target'],005,001,2025-09-30_12h00.34.381,Visual Search,,2025.1.1,None,2025-09-30 12h00.48.558655 +0530,
136,0,136,[np.float64(0.15)],[np.float64(0.4025)],[1],[0],[0],[1.5751895419998618],['target'],136,0,136,0,330.39731020900217,,5,330.3898683340012,330.39731020900217,330.39731020900217,0.012015166001219768,331.96510570900136,[np.float64(0.15)],[np.float64(0.4025)],[1],[0],[0],[1.5751895419998618],['target'],005,001,2025-09-30_12h00.34.381,Visual Search,,2025.1.1,None,2025-09-30 12h00.48.558655 +0530,
137,0,137,[np.float64(-0.25)],[np.float64(-0.40375)],[1],[0],[0],[1.4842277909992845],['target'],137,0,137,0,331.98314112500157,,5,331.97621329200047,331.98314112500157,331.98314112500157,0.010975958000926767,333.46050641700276,[np.float64(-0.25)],[np.float64(-0.40375)],[1],[0],[0],[1.4842277909992845],['target'],005,001,2025-09-30_12h00.34.381,Visual Search,,2025.1.1,None,2025-09-30 12h00.48.558655 +0530,
138,0,138,[np.float64(-0.41375)],[np.float64(-0.13375)],[1],[0],[0],[1.3873831669989158],['target'],138,0,138,0,333.4804567500032,,5,333.47304391700163,333.4804567500032,333.4804567500032,0.012366750001092441,334.8604924170031,[np.float64(-0.41375)],[np.float64(-0.13375)],[1],[0],[0],[1.3873831669989158],['target'],005,001,2025-09-30_12h00.34.381,Visual Search,,2025.1.1,None,2025-09-30 12h00.48.558655 +0530,
139,0,139,"[np.float64(-0.41), np.float64(-0.4375), np.float64(-0.0525)]","[np.float64(-0.22), np.float64(-0.2175), np.float64(0.46)]","[1, 1, 1]","[0, 0, 0]","[0, 0, 0]","[4.948812541999359, 5.465284666999651, 6.881739917000232]","[None, None, 'target']",139,0,139,0,335.03883254200264,,10,335.0281058750006,335.03883254200264,335.03883254200264,0.16745445800188463,341.9098940420008,"[np.float64(-0.41), np.float64(-0.4375), np.float64(-0.0525)]","[np.float64(-0.22), np.float64(-0.2175), np.float64(0.46)]","[1, 1, 1]","[0, 0, 0]","[0, 0, 0]","[4.948812541999359, 5.465284666999651, 6.881739917000232]","[None, None, 'target']",005,001,2025-09-30_12h00.34.381,Visual Search,,2025.1.1,None,2025-09-30 12h00.48.558655 +0530,
140,0,140,[np.float64(-0.1475)],[np.float64(0.25625)],[1],[0],[0],[1.3390229579999868],['target'],140,0,140,0,341.9286970840003,,5,341.92149808400063,341.9286970840003,341.9286970840003,0.011377374998119194,343.26059479200194,[np.float64(-0.1475)],[np.float64(0.25625)],[1],[0],[0],[1.3390229579999868],['target'],005,001,2025-09-30_12h00.34.381,Visual Search,,2025.1.1,None,2025-09-30 12h00.48.558655 +0530,
141,0,141,[np.float64(-0.25375)],[np.float64(-0.03)],[1],[0],[0],[1.0458382910001092],['target'],141,0,141,0,343.2906236250019,,10,343.28088262500023,343.2906236250019,343.2906236250019,0.020104082999750972,344.3267679590026,[np.float64(-0.25375)],[np.float64(-0.03)],[1],[0],[0],[1.0458382910001092],['target'],005,001,2025-09-30_12h00.34.381,Visual Search,,2025.1.1,None,2025-09-30 12h00.48.558655 +0530,
142,0,142,[np.float64(0.2425)],[np.float64(-0.32625)],[1],[0],[0],[2.1540658750018338],['target'],142,0,142,0,344.3549142920019,,10,344.34527716700177,344.3549142920019,344.3549142920019,0.018347332999837818,346.49938866700177,[np.float64(0.2425)],[np.float64(-0.32625)],[1],[0],[0],[2.1540658750018338],['target'],005,001,2025-09-30_12h00.34.381,Visual Search,,2025.1.1,None,2025-09-30 12h00.48.558655 +0530,
143,0,143,[np.float64(-0.08375)],[np.float64(0.09875)],[1],[0],[0],[1.4497311249979248],['target'],143,0,143,0,346.51692145900233,,5,346.50976641700254,346.51692145900233,346.51692145900233,0.010236833997623762,347.9595571250029,[np.float64(-0.08375)],[np.float64(0.09875)],[1],[0],[0],[1.4497311249979248],['target'],005,001,2025-09-30_12h00.34.381,Visual Search,,2025.1.1,None,2025-09-30 12h00.48.558655 +0530,
144,0,144,[np.float64(-0.08375)],[np.float64(0.1575)],[1],[0],[0],[0.7430592919990886],['target'],144,0,144,0,347.9800755840006,,5,347.972513875,347.9800755840006,347.9800755840006,0.01279308299854165,348.7156328750025,[np.float64(-0.08375)],[np.float64(0.1575)],[1],[0],[0],[0.7430592919990886],['target'],005,001,2025-09-30_12h00.34.381,Visual Search,,2025.1.1,None,2025-09-30 12h00.48.558655 +0530,
145,0,145,[np.float64(-0.3575)],[np.float64(0.4575)],[1],[0],[0],[1.5081369999970775],['target'],145,0,145,0,348.74519270900055,,10,348.7355165420013,348.74519270900055,348.74519270900055,0.019732917000510497,350.24370054200335,[np.float64(-0.3575)],[np.float64(0.4575)],[1],[0],[0],[1.5081369999970775],['target'],005,001,2025-09-30_12h00.34.381,Visual Search,,2025.1.1,None,2025-09-30 12h00.48.558655 +0530,
146,0,146,[np.float64(0.14875)],[np.float64(0.08)],[1],[0],[0],[0.963667207997787],['target'],146,0,146,0,350.2727228340009,,10,350.26321408400327,350.2727228340009,350.2727228340009,0.01932666599896038,351.22691845900044,[np.float64(0.14875)],[np.float64(0.08)],[1],[0],[0],[0.963667207997787],['target'],005,001,2025-09-30_12h00.34.381,Visual Search,,2025.1.1,None,2025-09-30 12h00.48.558655 +0530,
147,0,147,[np.float64(0.215)],[np.float64(0.45)],[1],[0],[0],[1.6566134999993665],['target'],147,0,147,0,351.2439102920034,,5,351.23707212500085,351.2439102920034,351.2439102920034,0.010000875001423992,352.8937370840031,[np.float64(0.215)],[np.float64(0.45)],[1],[0],[0],[1.6566134999993665],['target'],005,001,2025-09-30_12h00.34.381,Visual Search,,2025.1.1,None,2025-09-30 12h00.48.558655 +0530,
148,0,148,"[np.float64(-0.42125), np.float64(-0.44875)]","[np.float64(0.26), np.float64(0.265)]","[1, 1]","[0, 0]","[0, 0]","[1.4441205840012117, 1.8718960839978536]","[None, 'target']",148,0,148,0,352.9125401670026,,5,352.9050323340016,352.9125401670026,352.9125401670026,0.011157917000673478,354.7770017090006,"[np.float64(-0.42125), np.float64(-0.44875)]","[np.float64(0.26), np.float64(0.265)]","[1, 1]","[0, 0]","[0, 0]","[1.4441205840012117, 1.8718960839978536]","[None, 'target']",005,001,2025-09-30_12h00.34.381,Visual Search,,2025.1.1,None,2025-09-30 12h00.48.558655 +0530,
149,0,149,[np.float64(0.02375)],[np.float64(-0.2925)],[1],[0],[0],[2.0950606250007695],['target'],149,0,149,0,354.80789687500146,,10,354.7979535000013,354.80789687500146,354.80789687500146,0.020750249997945502,356.8930516670007,[np.float64(0.02375)],[np.float64(-0.2925)],[1],[0],[0],[2.0950606250007695],['target'],005,001,2025-09-30_12h00.34.381,Visual Search,,2025.1.1,None,2025-09-30 12h00.48.558655 +0530,
150,0,150,[np.float64(-0.48)],[np.float64(-0.2025)],[1],[0],[0],[1.3045948750004754],['target'],150,0,150,0,356.9198790840019,,10,356.9113746670009,356.9198790840019,356.9198790840019,0.018185832999733975,358.21601487500084,[np.float64(-0.48)],[np.float64(-0.2025)],[1],[0],[0],[1.3045948750004754],['target'],005,001,2025-09-30_12h00.34.381,Visual Search,,2025.1.1,None,2025-09-30 12h00.48.558655 +0530,
151,0,151,[np.float64(0.375)],[np.float64(0.10375)],[1],[0],[0],[1.7554887080004846],['target'],151,0,151,0,358.23441412500324,,5,358.2272367500009,358.23441412500324,358.23441412500324,0.011064834001444979,359.9827809590024,[np.float64(0.375)],[np.float64(0.10375)],[1],[0],[0],[1.7554887080004846],['target'],005,001,2025-09-30_12h00.34.381,Visual Search,,2025.1.1,None,2025-09-30 12h00.48.558655 +0530,
152,0,152,[np.float64(-0.41375)],[np.float64(-0.1875)],[1],[0],[0],[1.88206666699989],['target'],152,0,152,0,360.0029429590031,,5,359.99545233400204,360.0029429590031,360.0029429590031,0.012518750001618173,361.87756962500134,[np.float64(-0.41375)],[np.float64(-0.1875)],[1],[0],[0],[1.88206666699989],['target'],005,001,2025-09-30_12h00.34.381,Visual Search,,2025.1.1,None,2025-09-30 12h00.48.558655 +0530,
153,0,153,[np.float64(-0.3825)],[np.float64(-0.32)],[1],[0],[0],[1.6347224590026599],['target'],153,0,153,0,361.90735962500185,,10,361.89752212500025,361.90735962500185,361.90735962500185,0.01980600000024424,363.532291042,[np.float64(-0.3825)],[np.float64(-0.32)],[1],[0],[0],[1.6347224590026599],['target'],005,001,2025-09-30_12h00.34.381,Visual Search,,2025.1.1,None,2025-09-30 12h00.48.558655 +0530,
154,0,154,[np.float64(0.25375)],[np.float64(0.2)],[1],[0],[0],[1.501088749999326],['target'],154,0,154,0,363.5494478750006,,5,363.54280433400345,363.5494478750006,363.5494478750006,0.01034970799810253,365.043960125,[np.float64(0.25375)],[np.float64(0.2)],[1],[0],[0],[1.501088749999326],['target'],005,001,2025-09-30_12h00.34.381,Visual Search,,2025.1.1,None,2025-09-30 12h00.48.558655 +0530,
155,0,155,[np.float64(-0.26875)],[np.float64(-0.1225)],[1],[0],[0],[1.6277002079987142],['target'],155,0,155,0,365.07523737500014,,10,365.0654832090004,365.07523737500014,365.07523737500014,0.021357958001317456,366.69322566700066,[np.float64(-0.26875)],[np.float64(-0.1225)],[1],[0],[0],[1.6277002079987142],['target'],005,001,2025-09-30_12h00.34.381,Visual Search,,2025.1.1,None,2025-09-30 12h00.48.558655 +0530,
156,0,156,"[np.float64(0.0575), np.float64(0.0575)]","[np.float64(-0.18625), np.float64(-0.20375)]","[1, 1]","[0, 0]","[0, 0]","[1.5458018329991319, 2.038985250001133]","[None, 'target']",156,0,156,0,366.71109354200235,,5,366.7040734170005,366.71109354200235,366.71109354200235,0.010686499997973442,368.74313041700225,"[np.float64(0.0575), np.float64(0.0575)]","[np.float64(-0.18625), np.float64(-0.20375)]","[1, 1]","[0, 0]","[0, 0]","[1.5458018329991319, 2.038985250001133]","[None, 'target']",005,001,2025-09-30_12h00.34.381,Visual Search,,2025.1.1,None,2025-09-30 12h00.48.558655 +0530,
157,0,157,[np.float64(0.01)],[np.float64(-0.47)],[1],[0],[0],[1.3081373750028433],['target'],157,0,157,0,368.7640562500019,,5,368.7564862090003,368.7640562500019,368.7640562500019,0.013158583002223168,370.0646862090034,[np.float64(0.01)],[np.float64(-0.47)],[1],[0],[0],[1.3081373750028433],['target'],005,001,2025-09-30_12h00.34.381,Visual Search,,2025.1.1,None,2025-09-30 12h00.48.558655 +0530,
158,0,158,[np.float64(0.31125)],[np.float64(-0.09125)],[1],[0],[0],[1.7071861669974169],['target'],158,0,158,0,370.09507674999986,,10,370.08524333400055,370.09507674999986,370.09507674999986,0.0203866250012652,371.79247204200146,[np.float64(0.31125)],[np.float64(-0.09125)],[1],[0],[0],[1.7071861669974169],['target'],005,001,2025-09-30_12h00.34.381,Visual Search,,2025.1.1,None,2025-09-30 12h00.48.558655 +0530,
159,0,159,[np.float64(0.17875)],[np.float64(0.32625)],[1],[0],[0],[2.21548249999978],['target'],159,0,159,0,371.82062608400156,,10,371.8110997920012,371.82062608400156,371.82062608400156,0.018469459002517397,374.0266212500028,[np.float64(0.17875)],[np.float64(0.32625)],[1],[0],[0],[2.21548249999978],['target'],005,001,2025-09-30_12h00.34.381,Visual Search,,2025.1.1,None,2025-09-30 12h00.48.558655 +0530,
160,0,160,[np.float64(0.16)],[np.float64(0.0675)],[1],[0],[0],[1.7076217079993512],['target'],160,0,160,0,374.04358795900043,,5,374.03667695900003,374.04358795900043,374.04358795900043,0.009911207998811733,375.74438929200187,[np.float64(0.16)],[np.float64(0.0675)],[1],[0],[0],[1.7076217079993512],['target'],005,001,2025-09-30_12h00.34.381,Visual Search,,2025.1.1,None,2025-09-30 12h00.48.558655 +0530,
161,0,161,"[np.float64(-0.27125), np.float64(-0.32875)]","[np.float64(-0.32375), np.float64(-0.32375)]","[1, 1]","[0, 0]","[0, 0]","[1.999231666999549, 2.3934662499996193]","[None, 'target']",161,0,161,0,375.77595529200335,,10,375.7660406670002,375.77595529200335,375.77595529200335,0.0214466249999532,378.1595583340022,"[np.float64(-0.27125), np.float64(-0.32875)]","[np.float64(-0.32375), np.float64(-0.32375)]","[1, 1]","[0, 0]","[0, 0]","[1.999231666999549, 2.3934662499996193]","[None, 'target']",005,001,2025-09-30_12h00.34.381,Visual Search,,2025.1.1,None,2025-09-30 12h00.48.558655 +0530,
162,0,162,[np.float64(-0.25)],[np.float64(-0.43625)],[1],[0],[0],[2.114227166999626],['target'],162,0,162,0,378.18895104200055,,10,378.1789552920018,378.18895104200055,378.18895104200055,0.01920720799898845,380.2932285420029,[np.float64(-0.25)],[np.float64(-0.43625)],[1],[0],[0],[2.114227166999626],['target'],005,001,2025-09-30_12h00.34.381,Visual Search,,2025.1.1,None,2025-09-30 12h00.48.558655 +0530,
163,0,163,[np.float64(0.0)],[np.float64(0.14625)],[1],[0],[0],[1.1555380409990903],['target'],163,0,163,0,380.31066933400143,,5,380.30371995899986,380.31066933400143,380.31066933400143,0.01032462500006659,381.4593301670029,[np.float64(0.0)],[np.float64(0.14625)],[1],[0],[0],[1.1555380409990903],['target'],005,001,2025-09-30_12h00.34.381,Visual Search,,2025.1.1,None,2025-09-30 12h00.48.558655 +0530,
164,0,164,[np.float64(-0.47375)],[np.float64(0.01125)],[1],[0],[0],[1.4556365409989667],['target'],164,0,164,0,381.479380959001,,5,381.47179479199986,381.479380959001,381.479380959001,0.012306500000704546,382.9274889590015,[np.float64(-0.47375)],[np.float64(0.01125)],[1],[0],[0],[1.4556365409989667],['target'],005,001,2025-09-30_12h00.34.381,Visual Search,,2025.1.1,None,2025-09-30 12h00.48.558655 +0530,
165,0,165,[np.float64(-0.1475)],[np.float64(0.3775)],[1],[0],[0],[1.2611372920000576],['target'],165,0,165,0,382.9581336250012,,10,382.9483677920034,382.9581336250012,382.9581336250012,0.020674709001468727,384.2095431250018,[np.float64(-0.1475)],[np.float64(0.3775)],[1],[0],[0],[1.2611372920000576],['target'],005,001,2025-09-30_12h00.34.381,Visual Search,,2025.1.1,None,2025-09-30 12h00.48.558655 +0530,
166,0,166,[np.float64(-0.23125)],[np.float64(-0.32875)],[1],[0],[0],[2.1204412920014875],['target'],166,0,166,0,384.2378896670016,,10,384.22829458400156,384.2378896670016,384.2378896670016,0.018579999999928987,386.3487898340027,[np.float64(-0.23125)],[np.float64(-0.32875)],[1],[0],[0],[2.1204412920014875],['target'],005,001,2025-09-30_12h00.34.381,Visual Search,,2025.1.1,None,2025-09-30 12h00.48.558655 +0530,
167,0,167,[np.float64(-0.19)],[np.float64(-0.27625)],[1],[0],[0],[1.1589602079984616],['target'],167,0,167,0,386.3774020840028,,10,386.3674862090011,386.3774020840028,386.3774020840028,0.018545541999628767,387.52648366700305,[np.float64(-0.19)],[np.float64(-0.27625)],[1],[0],[0],[1.1589602079984616],['target'],005,001,2025-09-30_12h00.34.381,Visual Search,,2025.1.1,None,2025-09-30 12h00.48.558655 +0530,
168,0,168,[np.float64(-0.34875)],[np.float64(-0.375)],[1],[0],[0],[2.1378941250004573],['target'],168,0,168,0,387.552890125,,10,387.54427245900297,387.552890125,387.552890125,0.017637791999732144,389.6822208340018,[np.float64(-0.34875)],[np.float64(-0.375)],[1],[0],[0],[2.1378941250004573],['target'],005,001,2025-09-30_12h00.34.381,Visual Search,,2025.1.1,None,2025-09-30 12h00.48.558655 +0530,
169,0,169,[np.float64(-0.2675)],[np.float64(0.00875)],[1],[0],[0],[1.7553922919978504],['target'],169,0,169,0,389.7002921670028,,5,389.6932307920033,389.7002921670028,389.7002921670028,0.010842959000001429,391.4486727500007,[np.float64(-0.2675)],[np.float64(0.00875)],[1],[0],[0],[1.7553922919978504],['target'],005,001,2025-09-30_12h00.34.381,Visual Search,,2025.1.1,None,2025-09-30 12h00.48.558655 +0530,
170,0,170,[np.float64(0.02875)],[np.float64(-0.4225)],[1],[0],[0],[1.3291233749987441],['target'],170,0,170,0,391.47851725000146,,10,391.468921417003,391.47851725000146,391.47851725000146,0.020117875003052177,392.7980818750002,[np.float64(0.02875)],[np.float64(-0.4225)],[1],[0],[0],[1.3291233749987441],['target'],005,001,2025-09-30_12h00.34.381,Visual Search,,2025.1.1,None,2025-09-30 12h00.48.558655 +0530,
171,0,171,[np.float64(0.22)],[np.float64(0.40625)],[1],[0],[0],[1.9939264579988958],['target'],171,0,171,0,392.82500450000225,,10,392.8157398750009,392.82500450000225,392.82500450000225,0.017510417001176393,394.80971262500316,[np.float64(0.22)],[np.float64(0.40625)],[1],[0],[0],[1.9939264579988958],['target'],005,001,2025-09-30_12h00.34.381,Visual Search,,2025.1.1,None,2025-09-30 12h00.48.558655 +0530,
172,0,172,"[np.float64(-0.3275), np.float64(-0.3025)]","[np.float64(-0.39375), np.float64(-0.385)]","[1, 1]","[0, 0]","[0, 0]","[1.3144044170003326, 1.797381000000314]","[None, 'target']",172,0,172,0,394.83795366699997,,10,394.82844687500256,394.83795366699997,394.83795366699997,0.018571292002889095,396.62588241699996,"[np.float64(-0.3275), np.float64(-0.3025)]","[np.float64(-0.39375), np.float64(-0.385)]","[1, 1]","[0, 0]","[0, 0]","[1.3144044170003326, 1.797381000000314]","[None, 'target']",005,001,2025-09-30_12h00.34.381,Visual Search,,2025.1.1,None,2025-09-30 12h00.48.558655 +0530,
173,0,173,[np.float64(-0.495)],[np.float64(0.47625)],[1],[0],[0],[2.344137291998777],['target'],173,0,173,0,396.6449123750026,,5,396.6377193340013,396.6449123750026,396.6449123750026,0.011641958000836894,398.98191695900096,[np.float64(-0.495)],[np.float64(0.47625)],[1],[0],[0],[2.344137291998777],['target'],005,001,2025-09-30_12h00.34.381,Visual Search,,2025.1.1,None,2025-09-30 12h00.48.558655 +0530,
174,0,174,[np.float64(-0.1875)],[np.float64(0.26625)],[1],[0],[0],[1.6119140000009793],['target'],174,0,174,0,399.0130662920019,,10,399.0033247090032,399.0130662920019,399.0130662920019,0.021245958996587433,400.6152787500032,[np.float64(-0.1875)],[np.float64(0.26625)],[1],[0],[0],[1.6119140000009793],['target'],005,001,2025-09-30_12h00.34.381,Visual Search,,2025.1.1,None,2025-09-30 12h00.48.558655 +0530,
175,0,175,[np.float64(0.03)],[np.float64(0.23)],[1],[0],[0],[0.9420479170003091],['target'],175,0,175,0,400.6435655000023,,10,400.6341520420028,400.6435655000023,400.6435655000023,0.01870095900085289,401.57623833400066,[np.float64(0.03)],[np.float64(0.23)],[1],[0],[0],[0.9420479170003091],['target'],005,001,2025-09-30_12h00.34.381,Visual Search,,2025.1.1,None,2025-09-30 12h00.48.558655 +0530,
176,0,176,[np.float64(-0.365)],[np.float64(0.4475)],[1],[0],[0],[1.9231974159993115],['target'],176,0,176,0,401.59396604200083,,5,401.5871183750023,401.59396604200083,401.59396604200083,0.010709040998335695,403.5104572090022,[np.float64(-0.365)],[np.float64(0.4475)],[1],[0],[0],[1.9231974159993115],['target'],005,001,2025-09-30_12h00.34.381,Visual Search,,2025.1.1,None,2025-09-30 12h00.48.558655 +0530,
177,0,177,"[np.float64(-0.0175), np.float64(-0.35)]","[np.float64(0.02625), np.float64(-0.11875)]","[1, 1]","[0, 0]","[0, 0]","[3.0503077499997744, 5.2444366669988085]","[None, 'target']",177,0,177,0,403.54041491700264,,10,403.5313468750028,403.54041491700264,403.54041491700264,0.02066745800038916,408.77582533400346,"[np.float64(-0.0175), np.float64(-0.35)]","[np.float64(0.02625), np.float64(-0.11875)]","[1, 1]","[0, 0]","[0, 0]","[3.0503077499997744, 5.2444366669988085]","[None, 'target']",005,001,2025-09-30_12h00.34.381,Visual Search,,2025.1.1,None,2025-09-30 12h00.48.558655 +0530,
178,0,178,"[np.float64(0.11375), np.float64(0.17)]","[np.float64(-0.08625), np.float64(-0.12375)]","[1, 1]","[0, 0]","[0, 0]","[1.2289721659981296, 1.7397178749997693]","[None, 'target']",178,0,178,0,408.7938552500018,,5,408.786723084002,408.7938552500018,408.7938552500018,0.010707207999075763,410.52650145900043,"[np.float64(0.11375), np.float64(0.17)]","[np.float64(-0.08625), np.float64(-0.12375)]","[1, 1]","[0, 0]","[0, 0]","[1.2289721659981296, 1.7397178749997693]","[None, 'target']",005,001,2025-09-30_12h00.34.381,Visual Search,,2025.1.1,None,2025-09-30 12h00.48.558655 +0530,
179,0,179,[np.float64(-0.27625)],[np.float64(0.16625)],[1],[0],[0],[1.8373969169988413],['target'],179,0,179,0,410.5467082920004,,5,410.5390657920034,410.5467082920004,410.5467082920004,0.012363083002128405,412.37652575000175,[np.float64(-0.27625)],[np.float64(0.16625)],[1],[0],[0],[1.8373969169988413],['target'],005,001,2025-09-30_12h00.34.381,Visual Search,,2025.1.1,None,2025-09-30 12h00.48.558655 +0530,
180,0,180,[np.float64(-0.39625)],[np.float64(0.03875)],[1],[0],[0],[2.44935595899733],['target'],180,0,180,0,412.4087900000013,,10,412.39911483400283,412.4087900000013,412.4087900000013,0.02240729199911584,414.84851241700017,[np.float64(-0.39625)],[np.float64(0.03875)],[1],[0],[0],[2.44935595899733],['target'],005,001,2025-09-30_12h00.34.381,Visual Search,,2025.1.1,None,2025-09-30 12h00.48.558655 +0530,
181,0,181,[np.float64(-0.04375)],[np.float64(-0.035)],[1],[0],[0],[1.4679421670007287],['target'],181,0,181,0,414.86575274999996,,5,414.8587407920022,414.86575274999996,414.86575274999996,0.010069209001812851,416.32675929200195,[np.float64(-0.04375)],[np.float64(-0.035)],[1],[0],[0],[1.4679421670007287],['target'],005,001,2025-09-30_12h00.34.381,Visual Search,,2025.1.1,None,2025-09-30 12h00.48.558655 +0530,
182,0,182,[np.float64(-0.21875)],[np.float64(-0.165)],[1],[0],[0],[1.7768226669977594],['target'],182,0,182,0,416.3580599170018,,10,416.3482709170021,416.3580599170018,416.3580599170018,0.021319041999959154,418.12512716700076,[np.float64(-0.21875)],[np.float64(-0.165)],[1],[0],[0],[1.7768226669977594],['target'],005,001,2025-09-30_12h00.34.381,Visual Search,,2025.1.1,None,2025-09-30 12h00.48.558655 +0530,
183,0,183,[np.float64(-0.335)],[np.float64(0.20875)],[1],[0],[0],[1.4589015829988057],['target'],183,0,183,0,418.14616000000024,,5,418.1390667090018,418.14616000000024,418.14616000000024,0.013781042001937749,419.598035125,[np.float64(-0.335)],[np.float64(0.20875)],[1],[0],[0],[1.4589015829988057],['target'],005,001,2025-09-30_12h00.34.381,Visual Search,,2025.1.1,None,2025-09-30 12h00.48.558655 +0530,
184,0,184,"[np.float64(0.02625), np.float64(-0.335)]","[np.float64(-0.055), np.float64(-0.295)]","[1, 1]","[0, 0]","[0, 0]","[1.711887208999542, 3.3789094169987948]","[None, 'target']",184,0,184,0,419.6291764170019,,10,419.6193803340029,419.6291764170019,419.6291764170019,0.02117816700047115,422.99832483400314,"[np.float64(0.02625), np.float64(-0.335)]","[np.float64(-0.055), np.float64(-0.295)]","[1, 1]","[0, 0]","[0, 0]","[1.711887208999542, 3.3789094169987948]","[None, 'target']",005,001,2025-09-30_12h00.34.381,Visual Search,,2025.1.1,None,2025-09-30 12h00.48.558655 +0530,
185,0,185,"[np.float64(0.37), np.float64(0.41)]","[np.float64(0.27125), np.float64(0.26875)]","[1, 1]","[0, 0]","[0, 0]","[1.4317572500003735, 1.9143405419999908]","[None, 'target']",185,0,185,0,423.0270043340024,,10,423.01705195900286,423.0270043340024,423.0270043340024,0.01857016699796077,424.9314324170009,"[np.float64(0.37), np.float64(0.41)]","[np.float64(0.27125), np.float64(0.26875)]","[1, 1]","[0, 0]","[0, 0]","[1.4317572500003735, 1.9143405419999908]","[None, 'target']",005,001,2025-09-30_12h00.34.381,Visual Search,,2025.1.1,None,2025-09-30 12h00.48.558655 +0530,
186,0,186,"[np.float64(-0.5375), np.float64(-0.51625)]","[np.float64(0.15125), np.float64(0.15125)]","[1, 1]","[0, 0]","[0, 0]","[1.368219500000123, 1.835308542002167]","[None, 'target']",186,0,186,0,424.94865595900046,,5,424.9417372090029,424.94865595900046,424.94865595900046,0.010142040999198798,426.7771437920019,"[np.float64(-0.5375), np.float64(-0.51625)]","[np.float64(0.15125), np.float64(0.15125)]","[1, 1]","[0, 0]","[0, 0]","[1.368219500000123, 1.835308542002167]","[None, 'target']",005,001,2025-09-30_12h00.34.381,Visual Search,,2025.1.1,None,2025-09-30 12h00.48.558655 +0530,
187,0,187,[np.float64(-0.42375)],[np.float64(-0.295)],[1],[0],[0],[2.2817721249994065],['target'],187,0,187,0,426.8098877500015,,10,426.799976084003,426.8098877500015,426.8098877500015,0.02260720800040872,429.08177933400293,[np.float64(-0.42375)],[np.float64(-0.295)],[1],[0],[0],[2.2817721249994065],['target'],005,001,2025-09-30_12h00.34.381,Visual Search,,2025.1.1,None,2025-09-30 12h00.48.558655 +0530,
188,0,188,[np.float64(-0.1225)],[np.float64(0.28625)],[1],[0],[0],[2.614878790998773],['target'],188,0,188,0,429.109904500001,,10,429.100210042001,429.109904500001,429.109904500001,0.018297291000635596,431.7151341250028,[np.float64(-0.1225)],[np.float64(0.28625)],[1],[0],[0],[2.614878790998773],['target'],005,001,2025-09-30_12h00.34.381,Visual Search,,2025.1.1,None,2025-09-30 12h00.48.558655 +0530,
189,0,189,[np.float64(0.425)],[np.float64(-0.29)],[1],[0],[0],[1.8147492080024676],['target'],189,0,189,0,431.7432767090031,,10,431.73356266700284,431.7432767090031,431.7432767090031,0.018269249998411397,433.54835650000314,[np.float64(0.425)],[np.float64(-0.29)],[1],[0],[0],[1.8147492080024676],['target'],005,001,2025-09-30_12h00.34.381,Visual Search,,2025.1.1,None,2025-09-30 12h00.48.558655 +0530,
190,0,190,[np.float64(-0.35125)],[np.float64(0.0625)],[1],[0],[0],[2.247140874998877],['target'],190,0,190,0,433.5766222500024,,10,433.56789345900324,433.5766222500024,433.5766222500024,0.01937470800112351,435.8150783750025,[np.float64(-0.35125)],[np.float64(0.0625)],[1],[0],[0],[2.247140874998877],['target'],005,001,2025-09-30_12h00.34.381,Visual Search,,2025.1.1,None,2025-09-30 12h00.48.558655 +0530,
191,0,191,[np.float64(0.3025)],[np.float64(0.465)],[1],[0],[0],[1.4897430839992012],['target'],191,0,191,0,435.83217108400277,,5,435.82543691700266,435.83217108400277,435.83217108400277,0.010217541999736568,437.3152417500023,[np.float64(0.3025)],[np.float64(0.465)],[1],[0],[0],[1.4897430839992012],['target'],005,001,2025-09-30_12h00.34.381,Visual Search,,2025.1.1,None,2025-09-30 12h00.48.558655 +0530,
192,0,192,[np.float64(-0.2075)],[np.float64(0.475)],[1],[0],[0],[4.529240292002214],['target'],192,0,192,0,437.34529837500304,,10,437.33554950000325,437.34529837500304,437.34529837500304,0.02014404199871933,441.86483600000065,[np.float64(-0.2075)],[np.float64(0.475)],[1],[0],[0],[4.529240292002214],['target'],005,001,2025-09-30_12h00.34.381,Visual Search,,2025.1.1,None,2025-09-30 12h00.48.558655 +0530,
193,0,193,[np.float64(0.26875)],[np.float64(-0.06)],[1],[0],[0],[1.1497505840015947],['target'],193,0,193,0,441.8822867500021,,5,441.8754135840027,441.8822867500021,441.8822867500021,0.01041224999789847,443.02521400000114,[np.float64(0.26875)],[np.float64(-0.06)],[1],[0],[0],[1.1497505840015947],['target'],005,001,2025-09-30_12h00.34.381,Visual Search,,2025.1.1,None,2025-09-30 12h00.48.558655 +0530,
194,0,194,[np.float64(-0.37)],[np.float64(0.465)],[1],[0],[0],[2.262195250001241],['target'],194,0,194,0,443.0546018340028,,10,443.04524937500173,443.0546018340028,443.0546018340028,0.01990466700226534,445.30750391699985,[np.float64(-0.37)],[np.float64(0.465)],[1],[0],[0],[2.262195250001241],['target'],005,001,2025-09-30_12h00.34.381,Visual Search,,2025.1.1,None,2025-09-30 12h00.48.558655 +0530,
195,0,195,[np.float64(-0.44375)],[np.float64(0.4475)],[1],[0],[0],[1.0872597909983597],['target'],195,0,195,0,445.3385568340018,,10,445.32824299999993,445.3385568340018,445.3385568340018,0.020592041000782046,446.41556162500274,[np.float64(-0.44375)],[np.float64(0.4475)],[1],[0],[0],[1.0872597909983597],['target'],005,001,2025-09-30_12h00.34.381,Visual Search,,2025.1.1,None,2025-09-30 12h00.48.558655 +0530,
196,0,196,[np.float64(-0.2025)],[np.float64(0.24375)],[1],[0],[0],[1.3668838339981448],['target'],196,0,196,0,446.4332568750033,,5,446.4261113749999,446.4332568750033,446.4332568750033,0.010410582999611506,447.79305916700105,[np.float64(-0.2025)],[np.float64(0.24375)],[1],[0],[0],[1.3668838339981448],['target'],005,001,2025-09-30_12h00.34.381,Visual Search,,2025.1.1,None,2025-09-30 12h00.48.558655 +0530,
197,0,197,[np.float64(-0.09625)],[np.float64(-0.43375)],[1],[0],[0],[1.37611887499952],['target'],197,0,197,0,447.81372870900304,,5,447.8061728339999,447.81372870900304,447.81372870900304,0.012948957999469712,449.18235445900063,[np.float64(-0.09625)],[np.float64(-0.43375)],[1],[0],[0],[1.37611887499952],['target'],005,001,2025-09-30_12h00.34.381,Visual Search,,2025.1.1,None,2025-09-30 12h00.48.558655 +0530,
198,0,198,[np.float64(-0.345)],[np.float64(0.1175)],[1],[0],[0],[1.2528526250025607],['target'],198,0,198,0,449.2022718340013,,5,449.19464416700066,449.2022718340013,449.2022718340013,0.012113749999116408,450.44754570900113,[np.float64(-0.345)],[np.float64(0.1175)],[1],[0],[0],[1.2528526250025607],['target'],005,001,2025-09-30_12h00.34.381,Visual Search,,2025.1.1,None,2025-09-30 12h00.48.558655 +0530,
199,0,199,[np.float64(0.42375)],[np.float64(-0.09375)],[1],[0],[0],[1.731374582999706],['target'],199,0,199,0,450.47689058400283,,10,450.46718062500076,450.47689058400283,450.47689058400283,0.019495415999699617,452.1985877920015,[np.float64(0.42375)],[np.float64(-0.09375)],[1],[0],[0],[1.731374582999706],['target'],005,001,2025-09-30_12h00.34.381,Visual Search,,2025.1.1,None,2025-09-30 12h00.48.558655 +0530,
