thisN,thisTrialN,thisRepN,key_resp.keys,key_resp.corr,key_resp.rt,key_resp.duration,tilt,trials.thisRepN,trials.thisTrialN,trials.thisN,trials.thisIndex,thisRow.t,notes,trial.started,fixation.started,key_resp.started,fixation.stopped,trial.stopped,trials.key_resp.keys,trials.key_resp.corr,trials.key_resp.rt,trials.key_resp.duration,trials.tilt,participant,session,date,expName,expVersion,psychopyVersion,frameRate,expStart,
0,0,0,up,0,5.874594500000967,None,1,0,0,0,0,0.026213790999463527,,0.02058437500090804,0.026213790999463527,1.010846582998056,1.0236922080002842,7.220857874999638,up,0,5.874594500000967,None,1,119019,001,2025-09-06_12h43.06.613,ORIENTATION DISCRIMINATION,,2025.1.1,None,2025-09-06 12h43.14.874120 +0530,
1,0,1,down,0,0.5172234169986041,None,0,1,0,1,0,7.404929749998701,,7.221056165999471,7.404929749998701,8.211676250000892,8.395062457999302,8.741453374997946,down,0,0.5172234169986041,None,0,119019,001,2025-09-06_12h43.06.613,ORIENTATION DISCRIMINATION,,2025.1.1,None,2025-09-06 12h43.14.874120 +0530,
2,0,2,down,0,3.785822123998514,None,0,2,0,2,0,8.753095290998317,,8.742058332998567,8.753095290998317,9.739994915998977,9.743765999999596,13.528406375000486,down,0,3.785822123998514,None,0,119019,001,2025-09-06_12h43.06.613,ORIENTATION DISCRIMINATION,,2025.1.1,None,2025-09-06 12h43.14.874120 +0530,
3,0,3,up,0,1.6333378329982224,None,-3,3,0,3,0,13.540123540999048,,13.528836416000559,13.540123540999048,14.523434374998033,14.527694790998794,16.162150832999032,up,0,1.6333378329982224,None,-3,119019,001,2025-09-06_12h43.06.613,ORIENTATION DISCRIMINATION,,2025.1.1,None,2025-09-06 12h43.14.874120 +0530,
4,0,4,down,1,0.6042948329995852,None,-3,4,0,4,0,16.180320625000604,,16.1625633750009,16.180320625000604,17.161497707998933,17.17822291599805,17.774406124997768,down,1,0.6042948329995852,None,-3,119019,001,2025-09-06_12h43.06.613,ORIENTATION DISCRIMINATION,,2025.1.1,None,2025-09-06 12h43.14.874120 +0530,
5,0,5,down,0,0.7964622079998662,None,0,5,0,5,0,17.78119245799826,,17.774902875000407,17.78119245799826,18.773339915998804,18.777695000000676,19.574632208001276,down,0,0.7964622079998662,None,0,119019,001,2025-09-06_12h43.06.613,ORIENTATION DISCRIMINATION,,2025.1.1,None,2025-09-06 12h43.14.874120 +0530,
6,0,6,up,1,0.45138650000080816,None,0,6,0,6,0,19.578928999999334,,19.575086165998073,19.578928999999334,20.57330387500042,20.577957207999134,21.028339000000415,up,1,0.45138650000080816,None,0,119019,001,2025-09-06_12h43.06.613,ORIENTATION DISCRIMINATION,,2025.1.1,None,2025-09-06 12h43.14.874120 +0530,
7,0,7,up,0,1.47318045800057,None,-2,7,0,7,0,21.03997299999901,,21.028755208000803,21.03997299999901,22.023436666000634,22.027916625000216,23.507925333000458,up,0,1.47318045800057,None,-2,119019,001,2025-09-06_12h43.06.613,ORIENTATION DISCRIMINATION,,2025.1.1,None,2025-09-06 12h43.14.874120 +0530,
8,0,8,down,1,1.7670306250001886,None,-2,8,0,8,0,23.514902540999174,,23.508569624998927,23.514902540999174,24.50654829099949,24.510879082998144,26.279023540999333,down,1,1.7670306250001886,None,-2,119019,001,2025-09-06_12h43.06.613,ORIENTATION DISCRIMINATION,,2025.1.1,None,2025-09-06 12h43.14.874120 +0530,
9,0,9,up,0,1.0019356249977136,None,1,9,0,9,0,26.289890457999718,,26.279436041000736,26.289890457999718,27.277579124998738,27.277579124998738,28.29112129100031,up,0,1.0019356249977136,None,1,119019,001,2025-09-06_12h43.06.613,ORIENTATION DISCRIMINATION,,2025.1.1,None,2025-09-06 12h43.14.874120 +0530,
10,0,10,down,0,0.6796552500018151,None,0,10,0,10,0,28.298125624998647,,28.29157995800051,28.298125624998647,29.289944625001226,29.294406375000108,29.974558375000925,down,0,0.6796552500018151,None,0,119019,001,2025-09-06_12h43.06.613,ORIENTATION DISCRIMINATION,,2025.1.1,None,2025-09-06 12h43.14.874120 +0530,
11,0,11,down,1,0.6933224579988746,None,-3,11,0,11,0,29.98179104099836,,29.975165500000003,29.98179104099836,30.973198166000657,30.97794000000067,31.674448916000983,down,1,0.6933224579988746,None,-3,119019,001,2025-09-06_12h43.06.613,ORIENTATION DISCRIMINATION,,2025.1.1,None,2025-09-06 12h43.14.874120 +0530,
12,0,12,up,1,0.5851571660023183,None,0,12,0,12,0,31.681630957999005,,31.6749624160002,31.681630957999005,32.673228332998406,32.67766924999887,33.26244274999772,up,1,0.5851571660023183,None,0,119019,001,2025-09-06_12h43.06.613,ORIENTATION DISCRIMINATION,,2025.1.1,None,2025-09-06 12h43.14.874120 +0530,
13,0,13,down,1,0.9256666250003036,None,3,13,0,13,0,33.27314245799789,,33.262855041000876,33.27314245799789,34.260705790999054,34.260705790999054,35.19099208300031,down,1,0.9256666250003036,None,3,119019,001,2025-09-06_12h43.06.613,ORIENTATION DISCRIMINATION,,2025.1.1,None,2025-09-06 12h43.14.874120 +0530,
14,0,14,down,1,0.5123924990002706,None,-2,14,0,14,0,35.197858457999246,,35.191446832999645,35.197858457999246,36.189934540998365,36.194445416000235,36.70799162500043,down,1,0.5123924990002706,None,-2,119019,001,2025-09-06_12h43.06.613,ORIENTATION DISCRIMINATION,,2025.1.1,None,2025-09-06 12h43.14.874120 +0530,
15,0,15,up,0,0.5816169579993584,None,-5,15,0,15,0,36.71560191599929,,36.708816708000086,36.71560191599929,37.7066921250007,37.71068437500071,38.29122554100104,up,0,0.5816169579993584,None,-5,119019,001,2025-09-06_12h43.06.613,ORIENTATION DISCRIMINATION,,2025.1.1,None,2025-09-06 12h43.14.874120 +0530,
16,0,16,up,0,0.5746500410023145,None,-2,16,0,16,0,38.295760332999635,,38.29186558299989,38.295760332999635,39.28970341599779,39.29348241600019,39.87444037499881,up,0,0.5746500410023145,None,-2,119019,001,2025-09-06_12h43.06.613,ORIENTATION DISCRIMINATION,,2025.1.1,None,2025-09-06 12h43.14.874120 +0530,
17,0,17,up,0,0.6698822919970553,None,4,17,0,17,0,39.88174074999915,,39.875104582999484,39.88174074999915,40.87321079100002,40.87790195799971,41.54492250000112,up,0,0.6698822919970553,None,4,119019,001,2025-09-06_12h43.06.613,ORIENTATION DISCRIMINATION,,2025.1.1,None,2025-09-06 12h43.14.874120 +0530,
18,0,18,down,0,0.3183320829994045,None,0,18,0,18,0,41.556406374998915,,41.545300290999876,41.556406374998915,42.539824915998906,42.544531957999425,42.861476375001075,down,0,0.3183320829994045,None,0,119019,001,2025-09-06_12h43.06.613,ORIENTATION DISCRIMINATION,,2025.1.1,None,2025-09-06 12h43.14.874120 +0530,
19,0,19,down,1,0.5027265829994576,None,1,19,0,19,0,42.87317495800016,,42.86190404100125,42.87317495800016,43.856305375000375,43.860199082999316,44.361534540999855,down,1,0.5027265829994576,None,1,119019,001,2025-09-06_12h43.06.613,ORIENTATION DISCRIMINATION,,2025.1.1,None,2025-09-06 12h43.14.874120 +0530,
20,0,20,down,1,1.5125853329991514,None,4,20,0,20,0,44.373054125000635,,44.36200033299974,44.373054125000635,45.36054791599963,45.36054791599963,46.87453012499827,down,1,1.5125853329991514,None,4,119019,001,2025-09-06_12h43.06.613,ORIENTATION DISCRIMINATION,,2025.1.1,None,2025-09-06 12h43.14.874120 +0530,
21,0,21,up,1,0.7529694580007344,None,0,21,0,21,0,46.87899654099965,,46.87514024999837,46.87899654099965,47.873058875000424,47.87737408300018,48.627986749997945,up,1,0.7529694580007344,None,0,119019,001,2025-09-06_12h43.06.613,ORIENTATION DISCRIMINATION,,2025.1.1,None,2025-09-06 12h43.14.874120 +0530,
22,0,22,up,1,1.3090405000002647,None,0,22,0,22,0,48.63972920800006,,48.62834504100101,48.63972920800006,49.62300133299868,49.627411833000224,50.940709333000996,up,1,1.3090405000002647,None,0,119019,001,2025-09-06_12h43.06.613,ORIENTATION DISCRIMINATION,,2025.1.1,None,2025-09-06 12h43.14.874120 +0530,
23,0,23,down,1,0.5392312080002739,None,1,23,0,23,0,50.947946790998685,,50.94114312500096,50.947946790998685,51.93972987500092,51.94399670799976,52.49103191600079,down,1,0.5392312080002739,None,1,119019,001,2025-09-06_12h43.06.613,ORIENTATION DISCRIMINATION,,2025.1.1,None,2025-09-06 12h43.14.874120 +0530,
24,0,24,up,1,0.6551524990027247,None,0,24,0,24,0,52.49795004100088,,52.49148295800114,52.49795004100088,53.489657875001285,53.49407904100008,54.15765512500002,up,1,0.6551524990027247,None,0,119019,001,2025-09-06_12h43.06.613,ORIENTATION DISCRIMINATION,,2025.1.1,None,2025-09-06 12h43.14.874120 +0530,
25,0,25,up,0,1.4516471659990202,None,-4,25,0,25,0,54.16480954099825,,54.158244499998546,54.16480954099825,55.15621162499883,55.160021708001295,56.61135737500081,up,0,1.4516471659990202,None,-4,119019,001,2025-09-06_12h43.06.613,ORIENTATION DISCRIMINATION,,2025.1.1,None,2025-09-06 12h43.14.874120 +0530,
26,0,26,down,1,1.8246397910006635,None,-2,26,0,26,0,56.623014832999615,,56.6117927080013,56.623014832999615,57.6062997500012,57.610957165998116,59.44183766599963,down,1,1.8246397910006635,None,-2,119019,001,2025-09-06_12h43.06.613,ORIENTATION DISCRIMINATION,,2025.1.1,None,2025-09-06 12h43.14.874120 +0530,
27,0,27,up,1,1.2942375829989032,None,0,27,0,27,0,59.44941087500047,,59.44243979100065,59.44941087500047,60.439618374999554,60.44397108300109,61.740925124999194,up,1,1.2942375829989032,None,0,119019,001,2025-09-06_12h43.06.613,ORIENTATION DISCRIMINATION,,2025.1.1,None,2025-09-06 12h43.14.874120 +0530,
28,0,28,down,1,0.49229320800077403,None,-5,28,0,28,0,61.74831133299813,,61.74172441599876,61.74831133299813,62.73954033300106,62.74384195799939,63.24090579100084,down,1,0.49229320800077403,None,-5,119019,001,2025-09-06_12h43.06.613,ORIENTATION DISCRIMINATION,,2025.1.1,None,2025-09-06 12h43.14.874120 +0530,
29,0,29,down,1,0.40012758299781126,None,-4,29,0,29,0,63.248560874999384,,63.24158924999938,63.248560874999384,64.23958637499891,64.24429383299866,64.64135791599983,down,1,0.40012758299781126,None,-4,119019,001,2025-09-06_12h43.06.613,ORIENTATION DISCRIMINATION,,2025.1.1,None,2025-09-06 12h43.14.874120 +0530,
30,0,30,up,0,0.41721333299938124,None,-5,30,0,30,0,64.64655995800058,,64.64209208299872,64.64655995800058,65.6394784160002,65.64330633300051,66.06152737500088,up,0,0.41721333299938124,None,-5,119019,001,2025-09-06_12h43.06.613,ORIENTATION DISCRIMINATION,,2025.1.1,None,2025-09-06 12h43.14.874120 +0530,
31,0,31,down,0,0.6054636249973555,None,0,31,0,31,0,66.07292537499961,,66.06189804099995,66.07292537499961,67.05618574999971,67.0600114580011,67.67418595799973,down,0,0.6054636249973555,None,0,119019,001,2025-09-06_12h43.06.613,ORIENTATION DISCRIMINATION,,2025.1.1,None,2025-09-06 12h43.14.874120 +0530,
32,0,32,down,0,0.2667057910002768,None,0,32,0,32,0,67.68137362500056,,67.6748512080012,67.68137362500056,68.67286570799843,68.67768499999875,68.94089883299966,down,0,0.2667057910002768,None,0,119019,001,2025-09-06_12h43.06.613,ORIENTATION DISCRIMINATION,,2025.1.1,None,2025-09-06 12h43.14.874120 +0530,
33,0,33,up,0,0.3611444999987725,None,-4,33,0,33,0,68.94613591599773,,68.94166512499942,68.94613591599773,69.93941424999866,69.94386258300074,70.30751012499968,up,0,0.3611444999987725,None,-4,119019,001,2025-09-06_12h43.06.613,ORIENTATION DISCRIMINATION,,2025.1.1,None,2025-09-06 12h43.14.874120 +0530,
34,0,34,up,1,0.31141062499955297,None,0,34,0,34,0,70.31538733300113,,70.30805495800087,70.31538733300113,71.30607545800012,71.31051512499835,71.62413758299954,up,1,0.31141062499955297,None,0,119019,001,2025-09-06_12h43.06.613,ORIENTATION DISCRIMINATION,,2025.1.1,None,2025-09-06 12h43.14.874120 +0530,
35,0,35,up,0,0.29164583300007507,None,2,35,0,35,0,71.63213904100121,,71.62484312499873,71.63213904100121,72.62294916599785,72.62758762500016,72.92411633300071,up,0,0.29164583300007507,None,2,119019,001,2025-09-06_12h43.06.613,ORIENTATION DISCRIMINATION,,2025.1.1,None,2025-09-06 12h43.14.874120 +0530,
36,0,36,down,1,0.1317739990008704,None,-2,36,0,36,0,72.93177237499913,,72.92476904100113,72.93177237499913,73.92276950000087,73.92709458299942,74.05744541599779,down,1,0.1317739990008704,None,-2,119019,001,2025-09-06_12h43.06.613,ORIENTATION DISCRIMINATION,,2025.1.1,None,2025-09-06 12h43.14.874120 +0530,
37,0,37,up,0,0.04932991599707748,None,-5,37,0,37,0,74.06197308300034,,74.05805129099826,74.06197308300034,75.05617504099791,75.06057220799994,75.1076836659995,up,0,0.04932991599707748,None,-5,119019,001,2025-09-06_12h43.06.613,ORIENTATION DISCRIMINATION,,2025.1.1,None,2025-09-06 12h43.14.874120 +0530,
38,0,38,down,1,0.6515330410002207,None,-5,38,0,38,0,75.11216704099934,,75.10829858299985,75.11216704099934,76.10611425000025,76.11053758300113,76.76133254099841,down,1,0.6515330410002207,None,-5,119019,001,2025-09-06_12h43.06.613,ORIENTATION DISCRIMINATION,,2025.1.1,None,2025-09-06 12h43.14.874120 +0530,
39,0,39,up,0,0.6721486250025919,None,3,39,0,39,0,76.77283404099944,,76.76177637499859,76.77283404099944,77.75612720799836,77.76056400000016,78.4407997499984,up,0,0.6721486250025919,None,3,119019,001,2025-09-06_12h43.06.613,ORIENTATION DISCRIMINATION,,2025.1.1,None,2025-09-06 12h43.14.874120 +0530,
40,0,40,up,0,0.47294720799982315,None,2,40,0,40,0,78.44860387500012,,78.44141629099977,78.44860387500012,79.43938100000014,79.44373045799875,79.92417183300131,up,0,0.47294720799982315,None,2,119019,001,2025-09-06_12h43.06.613,ORIENTATION DISCRIMINATION,,2025.1.1,None,2025-09-06 12h43.14.874120 +0530,
41,0,41,up,0,0.7375087489999714,None,1,41,0,41,0,79.93228087500029,,79.92475416600064,79.93228087500029,80.92276845800006,80.92710787499891,81.67431275000126,up,0,0.7375087489999714,None,1,119019,001,2025-09-06_12h43.06.613,ORIENTATION DISCRIMINATION,,2025.1.1,None,2025-09-06 12h43.14.874120 +0530,
42,0,42,down,0,0.6166422490023251,None,0,42,0,42,0,81.6826227499987,,81.6749660409987,81.6826227499987,82.67270133299826,82.6768325410012,83.29067374999795,down,0,0.6166422490023251,None,0,119019,001,2025-09-06_12h43.06.613,ORIENTATION DISCRIMINATION,,2025.1.1,None,2025-09-06 12h43.14.874120 +0530,
43,0,43,up,0,0.9719669160003832,None,-3,43,0,43,0,83.29522612499932,,83.29119641600118,83.29522612499932,84.28928116599855,84.29322179099836,85.27408491599999,up,0,0.9719669160003832,None,-3,119019,001,2025-09-06_12h43.06.613,ORIENTATION DISCRIMINATION,,2025.1.1,None,2025-09-06 12h43.14.874120 +0530,
44,0,44,down,0,1.443575666002289,None,0,44,0,44,0,85.28209616599997,,85.27470524999808,85.28209616599997,86.27265316600096,86.27735758299968,87.72413500000039,down,0,1.443575666002289,None,0,119019,001,2025-09-06_12h43.06.613,ORIENTATION DISCRIMINATION,,2025.1.1,None,2025-09-06 12h43.14.874120 +0530,
45,0,45,up,1,0.5073967079988506,None,0,45,0,45,0,87.7317156249992,,87.72465791599825,87.7317156249992,88.72268687500036,88.72694295800102,89.24081749999823,up,1,0.5073967079988506,None,0,119019,001,2025-09-06_12h43.06.613,ORIENTATION DISCRIMINATION,,2025.1.1,None,2025-09-06 12h43.14.874120 +0530,
46,0,46,down,1,0.4886465830022644,None,4,46,0,46,0,89.24911229099962,,89.24144533299841,89.24911229099962,90.23936024999784,90.2441099159987,90.74078220799856,down,1,0.4886465830022644,None,4,119019,001,2025-09-06_12h43.06.613,ORIENTATION DISCRIMINATION,,2025.1.1,None,2025-09-06 12h43.14.874120 +0530,
47,0,47,down,0,0.44369608299894026,None,0,47,0,47,0,90.74889045799864,,90.74147370799983,90.74889045799864,91.73937241599924,91.74385329099823,92.19054312499793,down,0,0.44369608299894026,None,0,119019,001,2025-09-06_12h43.06.613,ORIENTATION DISCRIMINATION,,2025.1.1,None,2025-09-06 12h43.14.874120 +0530,
48,0,48,up,0,0.4986693330029084,None,2,48,0,48,0,92.19818345800013,,92.19101141599822,92.19818345800013,93.18935599999895,93.19405283299784,93.69061587499891,up,0,0.4986693330029084,None,2,119019,001,2025-09-06_12h43.06.613,ORIENTATION DISCRIMINATION,,2025.1.1,None,2025-09-06 12h43.14.874120 +0530,
49,0,49,down,0,0.6213415830025042,None,0,49,0,49,0,93.6956310409987,,93.69118704100038,93.6956310409987,94.68953574999978,94.69343245799973,95.3240905829989,down,0,0.6213415830025042,None,0,119019,001,2025-09-06_12h43.06.613,ORIENTATION DISCRIMINATION,,2025.1.1,None,2025-09-06 12h43.14.874120 +0530,
50,0,50,up,0,0.4785204170002544,None,-2,50,0,50,0,95.33187545799956,,95.32464550000077,95.33187545799956,96.3226106660004,96.32704133299922,96.80723583299914,up,0,0.4785204170002544,None,-2,119019,001,2025-09-06_12h43.06.613,ORIENTATION DISCRIMINATION,,2025.1.1,None,2025-09-06 12h43.14.874120 +0530,
51,0,51,up,1,0.9688795000001846,None,0,51,0,51,0,96.81508899999972,,96.80794966599933,96.81508899999972,97.80602424999961,97.81068883300031,98.77773170799992,up,1,0.9688795000001846,None,0,119019,001,2025-09-06_12h43.06.613,ORIENTATION DISCRIMINATION,,2025.1.1,None,2025-09-06 12h43.14.874120 +0530,
52,0,52,down,1,0.6215881669995724,None,2,52,0,52,0,98.78930174999914,,98.77819008299775,98.78930174999914,99.77725358300086,99.77725358300086,100.40740654099864,down,1,0.6215881669995724,None,2,119019,001,2025-09-06_12h43.06.613,ORIENTATION DISCRIMINATION,,2025.1.1,None,2025-09-06 12h43.14.874120 +0530,
53,0,53,up,1,0.45808629199746065,None,0,53,0,53,0,100.41542633299832,,100.40809729099783,100.41542633299832,101.40593974999865,101.41071270799875,101.87396337500104,up,1,0.45808629199746065,None,0,119019,001,2025-09-06_12h43.06.613,ORIENTATION DISCRIMINATION,,2025.1.1,None,2025-09-06 12h43.14.874120 +0530,
54,0,54,down,1,0.6662312080006814,None,-2,54,0,54,0,101.88203395799792,,101.87470762500016,101.88203395799792,102.87256400000115,102.87730499999816,103.54085416599992,down,1,0.6662312080006814,None,-2,119019,001,2025-09-06_12h43.06.613,ORIENTATION DISCRIMINATION,,2025.1.1,None,2025-09-06 12h43.14.874120 +0530,
55,0,55,down,0,1.335507708001387,None,0,55,0,55,0,103.54556616599803,,103.54138754100131,103.54556616599803,104.53923812499852,104.54364945799898,105.87764450000032,down,0,1.335507708001387,None,0,119019,001,2025-09-06_12h43.06.613,ORIENTATION DISCRIMINATION,,2025.1.1,None,2025-09-06 12h43.14.874120 +0530,
56,0,56,up,0,1.2501265410028282,None,-2,56,0,56,0,105.88928233299885,,105.87807120800062,105.88928233299885,106.8725013330004,106.87644162499782,108.1278623750004,up,0,1.2501265410028282,None,-2,119019,001,2025-09-06_12h43.06.613,ORIENTATION DISCRIMINATION,,2025.1.1,None,2025-09-06 12h43.14.874120 +0530,
57,0,57,up,1,0.573987040999782,None,0,57,0,57,0,108.13931233299809,,108.12824779099901,108.13931233299809,109.12674520799919,109.12674520799919,109.70684629099924,up,1,0.573987040999782,None,0,119019,001,2025-09-06_12h43.06.613,ORIENTATION DISCRIMINATION,,2025.1.1,None,2025-09-06 12h43.14.874120 +0530,
58,0,58,down,1,0.49215695800012327,None,-2,58,0,58,0,109.71428787499826,,109.70731466600046,109.71428787499826,110.69456408299811,110.71149554099975,111.19036716600021,down,1,0.49215695800012327,None,-2,119019,001,2025-09-06_12h43.06.613,ORIENTATION DISCRIMINATION,,2025.1.1,None,2025-09-06 12h43.14.874120 +0530,
59,0,59,down,1,0.5714038330006588,None,-3,59,0,59,0,111.19466191600077,,111.19085149999955,111.19466191600077,112.18918708300043,112.19369295800061,112.77391395800078,down,1,0.5714038330006588,None,-3,119019,001,2025-09-06_12h43.06.613,ORIENTATION DISCRIMINATION,,2025.1.1,None,2025-09-06 12h43.14.874120 +0530,
60,0,60,down,1,0.5031076239974936,None,-3,60,0,60,0,112.78198187499947,,112.7746285409994,112.78198187499947,113.77247112500118,113.77685512500102,114.27755287499895,down,1,0.5031076239974936,None,-3,119019,001,2025-09-06_12h43.06.613,ORIENTATION DISCRIMINATION,,2025.1.1,None,2025-09-06 12h43.14.874120 +0530,
61,0,61,down,0,0.4261749580000469,None,0,61,0,61,0,114.28926983299971,,114.27795141599927,114.28926983299971,115.2723269579983,115.27676541599794,115.70736154100086,down,0,0.4261749580000469,None,0,119019,001,2025-09-06_12h43.06.613,ORIENTATION DISCRIMINATION,,2025.1.1,None,2025-09-06 12h43.14.874120 +0530,
62,0,62,up,1,1.296649375002744,None,0,62,0,62,0,115.71548025000084,,115.70814287499888,115.71548025000084,116.7058854579991,116.70974937500068,118.00706670799991,up,1,1.296649375002744,None,0,119019,001,2025-09-06_12h43.06.613,ORIENTATION DISCRIMINATION,,2025.1.1,None,2025-09-06 12h43.14.874120 +0530,
63,0,63,down,0,1.576597708000918,None,0,63,0,63,0,118.01235237500077,,118.00782841600085,118.01235237500077,119.00579237499915,119.00999820799916,120.59044100000028,down,0,1.576597708000918,None,0,119019,001,2025-09-06_12h43.06.613,ORIENTATION DISCRIMINATION,,2025.1.1,None,2025-09-06 12h43.14.874120 +0530,
64,0,64,up,1,0.6713353330014797,None,0,64,0,64,0,120.59849762500016,,120.59109912499844,120.59849762500016,121.58904125000117,121.59373508299905,122.26447183300115,up,1,0.6713353330014797,None,0,119019,001,2025-09-06_12h43.06.613,ORIENTATION DISCRIMINATION,,2025.1.1,None,2025-09-06 12h43.14.874120 +0530,
65,0,65,up,0,1.9443827079994662,None,-3,65,0,65,0,122.2713839579992,,122.26500745799785,122.2713839579992,123.2609424580005,123.2609424580005,125.20715275000111,up,0,1.9443827079994662,None,-3,119019,001,2025-09-06_12h43.06.613,ORIENTATION DISCRIMINATION,,2025.1.1,None,2025-09-06 12h43.14.874120 +0530,
66,0,66,down,1,1.064593082999636,None,3,66,0,66,0,125.21218879099979,,125.20775195799797,125.21218879099979,126.20571133300109,126.21158020800067,127.27355295799862,down,1,1.064593082999636,None,3,119019,001,2025-09-06_12h43.06.613,ORIENTATION DISCRIMINATION,,2025.1.1,None,2025-09-06 12h43.14.874120 +0530,
67,0,67,up,0,0.5620294580003247,None,-5,67,0,67,0,127.2782691249995,,127.27412983300019,127.2782691249995,128.27231070799826,128.27618220799923,128.84028891599883,up,0,0.5620294580003247,None,-5,119019,001,2025-09-06_12h43.06.613,ORIENTATION DISCRIMINATION,,2025.1.1,None,2025-09-06 12h43.14.874120 +0530,
68,0,68,up,0,0.7661515829968266,None,-5,68,0,68,0,128.84854529099903,,128.84095120799975,128.84854529099903,129.8390347079985,129.84372625000105,130.60708824999892,up,0,0.7661515829968266,None,-5,119019,001,2025-09-06_12h43.06.613,ORIENTATION DISCRIMINATION,,2025.1.1,None,2025-09-06 12h43.14.874120 +0530,
69,0,69,up,1,0.6853787079999165,None,0,69,0,69,0,130.61235779100025,,130.60779629099852,130.61235779100025,131.60574508300124,131.61004845799835,132.29432658299993,up,1,0.6853787079999165,None,0,119019,001,2025-09-06_12h43.06.613,ORIENTATION DISCRIMINATION,,2025.1.1,None,2025-09-06 12h43.14.874120 +0530,
70,0,70,down,1,0.6884224579989677,None,3,70,0,70,0,132.30583674999798,,132.29472845800046,132.30583674999798,133.2937104579978,133.2937104579978,133.99048562499956,down,1,0.6884224579989677,None,3,119019,001,2025-09-06_12h43.06.613,ORIENTATION DISCRIMINATION,,2025.1.1,None,2025-09-06 12h43.14.874120 +0530,
71,0,71,down,1,1.2302302080024674,None,3,71,0,71,0,133.99858733300061,,133.9911623750013,133.99858733300061,134.9888933330003,134.9937412500003,136.2235804160009,down,1,1.2302302080024674,None,3,119019,001,2025-09-06_12h43.06.613,ORIENTATION DISCRIMINATION,,2025.1.1,None,2025-09-06 12h43.14.874120 +0530,
72,0,72,down,1,0.6467718750027416,None,-5,72,0,72,0,136.2280586659981,,136.22410387499986,136.2280586659981,137.22231666600055,137.2270472079981,137.87393591599903,down,1,0.6467718750027416,None,-5,119019,001,2025-09-06_12h43.06.613,ORIENTATION DISCRIMINATION,,2025.1.1,None,2025-09-06 12h43.14.874120 +0530,
73,0,73,up,1,0.3928896240031463,None,0,73,0,73,0,137.8786384160012,,137.87452491599834,137.8786384160012,138.87227345800056,138.87612004100083,139.27345754099952,up,1,0.3928896240031463,None,0,119019,001,2025-09-06_12h43.06.613,ORIENTATION DISCRIMINATION,,2025.1.1,None,2025-09-06 12h43.14.874120 +0530,
74,0,74,up,0,0.5227344989980338,None,-5,74,0,74,0,139.28218662499785,,139.27396566599782,139.28218662499785,140.2722861660004,140.2767673749986,140.80697687499924,up,0,0.5227344989980338,None,-5,119019,001,2025-09-06_12h43.06.613,ORIENTATION DISCRIMINATION,,2025.1.1,None,2025-09-06 12h43.14.874120 +0530,
75,0,75,up,0,0.4043467490009789,None,1,75,0,75,0,140.81544795800073,,140.80770887499966,140.81544795800073,141.80556437500127,141.81013704100042,142.22368416599784,up,0,0.4043467490009789,None,1,119019,001,2025-09-06_12h43.06.613,ORIENTATION DISCRIMINATION,,2025.1.1,None,2025-09-06 12h43.14.874120 +0530,
76,0,76,up,1,0.8066298749981797,None,0,76,0,76,0,142.23172825000074,,142.22428895800113,142.23172825000074,143.2222491249995,143.2263744160009,144.0402870830003,up,1,0.8066298749981797,None,0,119019,001,2025-09-06_12h43.06.613,ORIENTATION DISCRIMINATION,,2025.1.1,None,2025-09-06 12h43.14.874120 +0530,
77,0,77,up,0,0.8968595000005735,None,-4,77,0,77,0,144.04854704099853,,144.04093841600115,144.04854704099853,145.0391356250002,145.04311791600048,145.9401774580001,up,0,0.8968595000005735,None,-4,119019,001,2025-09-06_12h43.06.613,ORIENTATION DISCRIMINATION,,2025.1.1,None,2025-09-06 12h43.14.874120 +0530,
78,0,78,up,1,0.6599490410008002,None,0,78,0,78,0,145.94533175000106,,145.9408832500012,145.94533175000106,146.93892404099824,146.943374915998,147.60694658300054,up,1,0.6599490410008002,None,0,119019,001,2025-09-06_12h43.06.613,ORIENTATION DISCRIMINATION,,2025.1.1,None,2025-09-06 12h43.14.874120 +0530,
79,0,79,up,1,0.6682302910012368,None,0,79,0,79,0,147.61502220799957,,147.6073976660009,147.61502220799957,148.60557820800022,148.61056245799773,149.27765562499917,up,1,0.6682302910012368,None,0,119019,001,2025-09-06_12h43.06.613,ORIENTATION DISCRIMINATION,,2025.1.1,None,2025-09-06 12h43.14.874120 +0530,
80,0,80,down,1,0.3223623750018305,None,1,80,0,80,0,149.28909941600068,,149.27806458299892,149.28909941600068,150.27240720799819,150.2770770829993,150.6068752079991,down,1,0.3223623750018305,None,1,119019,001,2025-09-06_12h43.06.613,ORIENTATION DISCRIMINATION,,2025.1.1,None,2025-09-06 12h43.14.874120 +0530,
81,0,81,up,0,0.6841153749992372,None,1,81,0,81,0,150.61494079099793,,150.607374332998,150.61494079099793,151.60562370800108,151.6102782079979,152.29418108299797,up,0,0.6841153749992372,None,1,119019,001,2025-09-06_12h43.06.613,ORIENTATION DISCRIMINATION,,2025.1.1,None,2025-09-06 12h43.14.874120 +0530,
82,0,82,down,0,0.8728192079979635,None,0,82,0,82,0,152.3055800410002,,152.29455491599947,152.3055800410002,153.29298483299863,153.29298483299863,154.17352870800096,down,0,0.8728192079979635,None,0,119019,001,2025-09-06_12h43.06.613,ORIENTATION DISCRIMINATION,,2025.1.1,None,2025-09-06 12h43.14.874120 +0530,
83,0,83,up,0,0.670495333000872,None,-4,83,0,83,0,154.18135304099997,,154.17405966599836,154.18135304099997,155.17207441600112,155.177097374999,155.84459812500063,up,0,0.670495333000872,None,-4,119019,001,2025-09-06_12h43.06.613,ORIENTATION DISCRIMINATION,,2025.1.1,None,2025-09-06 12h43.14.874120 +0530,
84,0,84,up,1,1.1763664579993929,None,0,84,0,84,0,155.85502925000037,,155.84496999999828,155.85502925000037,156.84327620800104,156.84327620800104,158.02358954100055,up,1,1.1763664579993929,None,0,119019,001,2025-09-06_12h43.06.613,ORIENTATION DISCRIMINATION,,2025.1.1,None,2025-09-06 12h43.14.874120 +0530,
85,0,85,down,1,0.5724682910004049,None,-5,85,0,85,0,158.02867429099933,,158.02434066600108,158.02867429099933,159.02209445799963,159.02680554099788,159.6068797500011,down,1,0.5724682910004049,None,-5,119019,001,2025-09-06_12h43.06.613,ORIENTATION DISCRIMINATION,,2025.1.1,None,2025-09-06 12h43.14.874120 +0530,
86,0,86,up,1,0.5781900829970255,None,0,86,0,86,0,159.61519899999985,,159.60752570800105,159.61519899999985,160.6054251659989,160.61018645799777,161.18979525000032,up,1,0.5781900829970255,None,0,119019,001,2025-09-06_12h43.06.613,ORIENTATION DISCRIMINATION,,2025.1.1,None,2025-09-06 12h43.14.874120 +0530,
87,0,87,down,0,0.28661491599996225,None,0,87,0,87,0,161.19759654099835,,161.1902856659981,161.19759654099835,162.18879799999922,162.19323112499842,162.47692737499892,down,0,0.28661491599996225,None,0,119019,001,2025-09-06_12h43.06.613,ORIENTATION DISCRIMINATION,,2025.1.1,None,2025-09-06 12h43.14.874120 +0530,
88,0,88,down,1,1.1304013329972804,None,3,88,0,88,0,162.48889662500005,,162.4773275410007,162.48889662500005,163.47201487499842,163.47596024999802,164.6067305409997,down,1,1.1304013329972804,None,3,119019,001,2025-09-06_12h43.06.613,ORIENTATION DISCRIMINATION,,2025.1.1,None,2025-09-06 12h43.14.874120 +0530,
89,0,89,down,0,0.5111217079975177,None,0,89,0,89,0,164.61190954099948,,164.60741462499936,164.61190954099948,165.6053455830006,165.60982908299775,166.1233798329995,down,0,0.5111217079975177,None,0,119019,001,2025-09-06_12h43.06.613,ORIENTATION DISCRIMINATION,,2025.1.1,None,2025-09-06 12h43.14.874120 +0530,
90,0,90,down,0,0.8263224580005044,None,0,90,0,90,0,166.13150258300084,,166.1238440829984,166.13150258300084,167.12200941599804,167.12647899999865,167.9566018330006,down,0,0.8263224580005044,None,0,119019,001,2025-09-06_12h43.06.613,ORIENTATION DISCRIMINATION,,2025.1.1,None,2025-09-06 12h43.14.874120 +0530,
91,0,91,up,0,0.8979632080008741,None,4,91,0,91,0,167.96419595800035,,167.95708224999908,167.96419595800035,168.9553551249992,168.95959083300113,169.85672775000057,up,0,0.8979632080008741,None,4,119019,001,2025-09-06_12h43.06.613,ORIENTATION DISCRIMINATION,,2025.1.1,None,2025-09-06 12h43.14.874120 +0530,
92,0,92,up,0,1.1650147910004307,None,4,92,0,92,0,169.8620305830009,,169.85737700000027,169.8620305830009,170.85525420799968,170.86018141599925,172.02348129099846,up,0,1.1650147910004307,None,4,119019,001,2025-09-06_12h43.06.613,ORIENTATION DISCRIMINATION,,2025.1.1,None,2025-09-06 12h43.14.874120 +0530,
93,0,93,up,0,0.5711396240003523,None,-5,93,0,93,0,172.02851525000005,,172.02411595800004,172.02851525000005,173.0219995410007,173.0266769580012,173.59424512500118,up,0,0.5711396240003523,None,-5,119019,001,2025-09-06_12h43.06.613,ORIENTATION DISCRIMINATION,,2025.1.1,None,2025-09-06 12h43.14.874120 +0530,
94,0,94,down,0,0.19599524899967946,None,0,94,0,94,0,173.60547162500006,,173.5946088749988,173.60547162500006,174.5932302910005,174.5932302910005,174.79465204100052,down,0,0.19599524899967946,None,0,119019,001,2025-09-06_12h43.06.613,ORIENTATION DISCRIMINATION,,2025.1.1,None,2025-09-06 12h43.14.874120 +0530,
95,0,95,down,1,2.5059089990027132,None,-2,95,0,95,0,174.8047559580009,,174.79505962500116,174.8047559580009,175.79425808299857,175.79425808299857,178.30672449999838,down,1,2.5059089990027132,None,-2,119019,001,2025-09-06_12h43.06.613,ORIENTATION DISCRIMINATION,,2025.1.1,None,2025-09-06 12h43.14.874120 +0530,
96,0,96,down,0,0.4494391660009569,None,0,96,0,96,0,178.31568208300087,,178.30742608299988,178.31568208300087,179.30528412499916,179.30996483299896,179.75639404100002,down,0,0.4494391660009569,None,0,119019,001,2025-09-06_12h43.06.613,ORIENTATION DISCRIMINATION,,2025.1.1,None,2025-09-06 12h43.14.874120 +0530,
97,0,97,up,1,0.46499354199841036,None,0,97,0,97,0,179.7605208749992,,179.75676770800055,179.7605208749992,180.75507958299931,180.75924074999784,181.22307504099808,up,1,0.46499354199841036,None,0,119019,001,2025-09-06_12h43.06.613,ORIENTATION DISCRIMINATION,,2025.1.1,None,2025-09-06 12h43.14.874120 +0530,
98,0,98,up,1,0.5210180419999233,None,0,98,0,98,0,181.22758975000033,,181.2235743329984,181.22758975000033,182.22188399999868,182.22592799999984,182.74390299999868,up,1,0.5210180419999233,None,0,119019,001,2025-09-06_12h43.06.613,ORIENTATION DISCRIMINATION,,2025.1.1,None,2025-09-06 12h43.14.874120 +0530,
99,0,99,up,1,0.5438135830008832,None,0,99,0,99,0,182.7552321660005,,182.7442701660002,182.7552321660005,183.74320358299883,183.74320358299883,184.2898427500004,up,1,0.5438135830008832,None,0,119019,001,2025-09-06_12h43.06.613,ORIENTATION DISCRIMINATION,,2025.1.1,None,2025-09-06 12h43.14.874120 +0530,
