stair.thisTrialN,stair.stepSize,stair.intensity,thisRow.t,notes,trial.started,fixation.started,grating.started,key_resp.started,fixation.stopped,grating.stopped,trial.stopped,corrAns,tilt,key_resp.corr,stair.response,key_resp.rt,participant,session,date,expName,expVersion,psychopyVersion,frameRate,expStart,
0,2,10.0,0.03727333399001509,,0.022914291999768466,0.03727333399001509,0.4997872090025339,0.4997872090025339,0.5223500419961056,0.7903102089912863,1.1308667919947766,right,10.0,1,1,0.4302419170126086,711727,001,2025-09-02_11h25.38.848,adaptive_staircase,,2025.1.1,None,2025-09-02 11h25.42.079798 +0530,
1,2,8.0,1.1563809590006713,,1.1310208749928279,1.1563809590006713,1.6252821249945555,1.6252821249945555,1.6534792089951225,1.9203878749976866,2.272171459000674,left,-8.0,1,1,0.6388487499934854,711727,001,2025-09-02_11h25.38.848,adaptive_staircase,,2025.1.1,None,2025-09-02 11h25.42.079798 +0530,
2,2,6.0,2.2810333340021316,,2.272634124994511,2.2810333340021316,2.770320041992818,2.770320041992818,2.77447299999767,3.0582367919996614,3.2429223749932135,right,6.0,1,1,0.46758995798882097,711727,001,2025-09-02_11h25.38.848,adaptive_staircase,,2025.1.1,None,2025-09-02 11h25.42.079798 +0530,
3,2,4.0,3.2531254999921657,,3.243176499992842,3.2531254999921657,3.7417872499936493,3.7417872499936493,3.7417872499936493,4.040304875001311,4.271937124998658,left,-4.0,1,1,0.517067833992769,711727,001,2025-09-02_11h25.38.848,adaptive_staircase,,2025.1.1,None,2025-09-02 11h25.42.079798 +0530,
4,2,2.0,4.279409916998702,,4.272320249991026,4.279409916998702,4.770235374991898,4.770235374991898,4.774069334001979,5.057624624998425,5.322257291991264,left,-2.0,1,1,0.5396282500005327,711727,001,2025-09-02_11h25.38.848,adaptive_staircase,,2025.1.1,None,2025-09-02 11h25.42.079798 +0530,
5,2,1.0,5.342749208997702,,5.322768958998495,5.342749208997702,5.820203208990279,5.820203208990279,5.840428166993661,6.106732583997655,6.3220754170033615,left,-1.0,1,1,0.4987333749886602,711727,001,2025-09-02_11h25.38.848,adaptive_staircase,,2025.1.1,None,2025-09-02 11h25.42.079798 +0530,
6,2,1.0,6.329754124992178,,6.3225495840015355,6.329754124992178,6.82032920900383,6.82032920900383,6.825068541991641,7.107487499990384,7.621775749998051,left,-1.0,1,1,0.7917638749931939,711727,001,2025-09-02_11h25.38.848,adaptive_staircase,,2025.1.1,None,2025-09-02 11h25.42.079798 +0530,
7,2,1.0,7.629047041991726,,7.622118999992381,7.629047041991726,8.120341417001327,8.120341417001327,8.125419124990003,8.407681999990018,8.624677999992855,right,1.0,1,1,0.5015467080083909,711727,001,2025-09-02_11h25.38.848,adaptive_staircase,,2025.1.1,None,2025-09-02 11h25.42.079798 +0530,
8,2,1.0,8.636866166998516,,8.624955874998705,8.636866166998516,9.120020333997672,9.120020333997672,9.123033208990819,9.407053959002951,9.721882249999908,right,1.0,1,1,0.5879401660058647,711727,001,2025-09-02_11h25.38.848,adaptive_staircase,,2025.1.1,None,2025-09-02 11h25.42.079798 +0530,
9,2,1.0,9.73003287499887,,9.722275499996613,9.73003287499887,10.220059041996137,10.220059041996137,10.223864583997056,10.506612375000259,10.772049666993553,right,1.0,1,1,0.5437993340019602,711727,001,2025-09-02_11h25.38.848,adaptive_staircase,,2025.1.1,None,2025-09-02 11h25.42.079798 +0530,
10,2,1.0,10.780238666993682,,10.772423749993322,10.780238666993682,11.270156667000265,11.270156667000265,11.273922334003146,11.556991958990693,11.872233125002822,left,-1.0,1,1,0.5917710419889772,711727,001,2025-09-02_11h25.38.848,adaptive_staircase,,2025.1.1,None,2025-09-02 11h25.42.079798 +0530,
11,2,1.0,11.880247791996226,,11.872615458996734,11.880247791996226,12.369955499991192,12.369955499991192,12.37453270900005,12.657100333992275,12.939231583994115,left,-1.0,1,1,0.5668705419957405,711727,001,2025-09-02_11h25.38.848,adaptive_staircase,,2025.1.1,None,2025-09-02 11h25.42.079798 +0530,
12,2,1.0,12.947938792000059,,12.939689291990362,12.947938792000059,13.436947041991516,13.436947041991516,13.441327541993815,13.724092916992959,14.060058417002438,right,1.0,1,1,0.6167927500064252,711727,001,2025-09-02_11h25.38.848,adaptive_staircase,,2025.1.1,None,2025-09-02 11h25.42.079798 +0530,
13,2,1.0,14.070018874990637,,14.060336624999763,14.070018874990637,14.557956666991231,14.557956666991231,14.557956666991231,14.853530416992726,15.075015291993623,left,-1.0,1,1,0.5148044170055073,711727,001,2025-09-02_11h25.38.848,adaptive_staircase,,2025.1.1,None,2025-09-02 11h25.42.079798 +0530,
14,1,1.0,15.086942958994769,,15.075283333993866,15.086942958994769,15.574149084000965,15.574149084000965,15.574149084000965,15.870223124991753,16.072245417002705,left,-1.0,0,0,0.493614457998774,711727,001,2025-09-02_11h25.38.848,adaptive_staircase,,2025.1.1,None,2025-09-02 11h25.42.079798 +0530,
15,1,2.0,16.080951333991834,,16.072699917000136,16.080951333991834,16.570120709002367,16.570120709002367,16.573852583998814,16.85730637499364,17.08823558400036,left,-2.0,1,1,0.5095312079938594,711727,001,2025-09-02_11h25.38.848,adaptive_staircase,,2025.1.1,None,2025-09-02 11h25.42.079798 +0530,
16,1,2.0,17.09635766700376,,17.08857008400082,17.09635766700376,17.586679166997783,17.586679166997783,17.590127083996776,17.87378045899095,18.121758041990688,right,2.0,1,1,0.5320119589887327,711727,001,2025-09-02_11h25.38.848,adaptive_staircase,,2025.1.1,None,2025-09-02 11h25.42.079798 +0530,
17,1,2.0,18.13073954200081,,18.122171916998923,18.13073954200081,18.62021999999706,18.62021999999706,18.624603374992148,18.90665325000009,19.205025458999444,left,-2.0,1,1,0.572441666998202,711727,001,2025-09-02_11h25.38.848,adaptive_staircase,,2025.1.1,None,2025-09-02 11h25.42.079798 +0530,
18,1,1.0,19.21345549999387,,19.205444459003047,19.21345549999387,19.703409041991108,19.703409041991108,19.707218541996554,19.99026262499683,20.455089958995814,right,1.0,1,1,0.7370730830007233,711727,001,2025-09-02_11h25.38.848,adaptive_staircase,,2025.1.1,None,2025-09-02 11h25.42.079798 +0530,
19,1,1.0,20.4633795839909,,20.45546212499903,20.4633795839909,20.95331504200294,20.95331504200294,20.956690291990526,21.239585542003624,21.93841445900034,right,1.0,1,1,0.9750811249978142,711727,001,2025-09-02_11h25.38.848,adaptive_staircase,,2025.1.1,None,2025-09-02 11h25.42.079798 +0530,
20,1,1.0,21.946833916998003,,21.938764708989765,21.946833916998003,22.437001208993024,22.437001208993024,22.442057499996736,22.72355145899928,23.090974958991865,right,1.0,1,1,0.6505013330024667,711727,001,2025-09-02_11h25.38.848,adaptive_staircase,,2025.1.1,None,2025-09-02 11h25.42.079798 +0530,
21,1,1.0,23.103509499997017,,23.0912352919986,23.103509499997017,23.59121649998997,23.59121649998997,23.59121649998997,23.889868375001242,24.34125425000093,left,-1.0,1,1,0.7463666250114329,711727,001,2025-09-02_11h25.38.848,adaptive_staircase,,2025.1.1,None,2025-09-02 11h25.42.079798 +0530,
22,1,1.0,24.35349475000112,,24.34150924999267,24.35349475000112,24.836584834003588,24.836584834003588,24.840339834001497,25.12424312499934,25.505164624992176,right,1.0,1,1,0.6649568330030888,711727,001,2025-09-02_11h25.38.848,adaptive_staircase,,2025.1.1,None,2025-09-02 11h25.42.079798 +0530,
23,1,1.0,25.509718916990096,,25.505644749995554,25.509718916990096,26.00350387499202,26.00350387499202,26.007893791989773,26.289860208999016,26.705479166994337,right,1.0,1,1,0.6969876250077505,711727,001,2025-09-02_11h25.38.848,adaptive_staircase,,2025.1.1,None,2025-09-02 11h25.42.079798 +0530,
24,1,1.0,26.71388987499813,,26.705956249992596,26.71388987499813,27.20334616699256,27.20334616699256,27.207506334001664,27.490584958999534,27.83869970899832,left,-1.0,1,1,0.6267934589996003,711727,001,2025-09-02_11h25.38.848,adaptive_staircase,,2025.1.1,None,2025-09-02 11h25.42.079798 +0530,
25,1,1.0,27.847135124990018,,27.839100666999002,27.847135124990018,28.336617334003677,28.336617334003677,28.34076183399884,28.62301591699361,29.274552791990573,left,-1.0,1,1,0.9367869160050759,711727,001,2025-09-02_11h25.38.848,adaptive_staircase,,2025.1.1,None,2025-09-02 11h25.42.079798 +0530,
26,1,1.0,29.28667212500295,,29.274807750000036,29.28667212500295,29.775933625001926,29.775933625001926,29.775933625001926,30.073472791991662,30.604854042001534,left,-1.0,1,1,0.8153514169971459,711727,001,2025-09-02_11h25.38.848,adaptive_staircase,,2025.1.1,None,2025-09-02 11h25.42.079798 +0530,
27,1,1.0,30.612358166996273,,30.605213083996205,30.612358166996273,31.10326408399851,31.10326408399851,31.107276666996768,31.389938416992663,31.77160045900382,right,1.0,1,1,0.6541328340099426,711727,001,2025-09-02_11h25.38.848,adaptive_staircase,,2025.1.1,None,2025-09-02 11h25.42.079798 +0530,
28,1,1.0,31.77926979199401,,31.771940167003777,31.77926979199401,32.26996008399874,32.26996008399874,32.27390287499293,32.556948958997964,32.90492420899682,left,-1.0,1,1,0.6264809999993304,711727,001,2025-09-02_11h25.38.848,adaptive_staircase,,2025.1.1,None,2025-09-02 11h25.42.079798 +0530,
29,1,1.0,32.912964834002196,,32.90529345899995,32.912964834002196,33.40315399999963,33.40315399999963,33.406679042003816,33.690523750003194,34.471717084001284,right,1.0,1,1,1.0570774579973659,711727,001,2025-09-02_11h25.38.848,adaptive_staircase,,2025.1.1,None,2025-09-02 11h25.42.079798 +0530,
30,1,1.0,34.479924250001204,,34.472114292002516,34.479924250001204,34.969903916993644,34.969903916993644,34.97369262498978,35.256189791994984,35.65761087500141,right,1.0,1,1,0.6835395829984918,711727,001,2025-09-02_11h25.38.848,adaptive_staircase,,2025.1.1,None,2025-09-02 11h25.42.079798 +0530,
31,1,1.0,35.66998208400037,,35.65785350000078,35.66998208400037,36.15319758398982,36.15319758398982,36.15744395898946,36.44039708399214,36.85510208399501,right,1.0,1,1,0.6941509580065031,711727,001,2025-09-02_11h25.38.848,adaptive_staircase,,2025.1.1,None,2025-09-02 11h25.42.079798 +0530,
32,1,1.0,36.86267037499056,,36.85547837500053,36.86267037499056,37.35326529199665,37.35326529199665,37.35726687499846,37.640431459003594,37.988780375002534,right,1.0,1,1,0.6310663750045933,711727,001,2025-09-02_11h25.38.848,adaptive_staircase,,2025.1.1,None,2025-09-02 11h25.42.079798 +0530,
33,1,1.0,37.99723820899089,,37.989238041991484,37.99723820899089,38.48672279198945,38.48672279198945,38.490942749995156,38.77369083400117,39.07155279199651,left,-1.0,1,1,0.5814804999972694,711727,001,2025-09-02_11h25.38.848,adaptive_staircase,,2025.1.1,None,2025-09-02 11h25.42.079798 +0530,
34,1,1.0,39.07949874999758,,39.07192791700072,39.07949874999758,39.56990679199225,39.56990679199225,39.573629874998005,39.85656279200339,40.18815633399936,left,-1.0,1,1,0.6073149590083631,711727,001,2025-09-02_11h25.38.848,adaptive_staircase,,2025.1.1,None,2025-09-02 11h25.42.079798 +0530,
35,1,1.0,40.19613579199358,,40.188527042002534,40.19613579199358,40.68653274999815,40.68653274999815,40.69083670899272,40.97315245900245,41.3054230419948,left,-1.0,1,1,0.6096697920002043,711727,001,2025-09-02_11h25.38.848,adaptive_staircase,,2025.1.1,None,2025-09-02 11h25.42.079798 +0530,
36,1,1.0,41.31383649999043,,41.30605091700272,41.31383649999043,41.80320162499265,41.80320162499265,41.80838729199604,42.089598874998046,42.34098312500282,left,-1.0,1,1,0.5339045419968897,711727,001,2025-09-02_11h25.38.848,adaptive_staircase,,2025.1.1,None,2025-09-02 11h25.42.079798 +0530,
37,1,1.0,42.35331999999471,,42.34123516699765,42.35331999999471,42.83649816700199,42.83649816700199,42.84047916700365,43.12394795900036,43.43853745899105,left,-1.0,1,1,0.59146083300584,711727,001,2025-09-02_11h25.38.848,adaptive_staircase,,2025.1.1,None,2025-09-02 11h25.42.079798 +0530,
38,1,1.0,43.44694820899167,,43.43898870899284,43.44694820899167,43.93650045899267,43.93650045899267,43.940782042001956,44.22369216699735,44.491334749996895,right,1.0,1,1,0.5514498340053251,711727,001,2025-09-02_11h25.38.848,adaptive_staircase,,2025.1.1,None,2025-09-02 11h25.42.079798 +0530,
39,1,1.0,44.50325416699343,,44.49167491699336,44.50325416699343,44.99142608400143,44.99142608400143,44.99142608400143,45.28957116699894,45.605356500003836,right,1.0,1,1,0.6037030419975054,711727,001,2025-09-02_11h25.38.848,adaptive_staircase,,2025.1.1,None,2025-09-02 11h25.42.079798 +0530,
40,1,1.0,45.613023333993624,,45.60576491699612,45.613023333993624,46.103241083998,46.103241083998,46.106974499998614,46.39006579200213,46.57136533399171,right,1.0,1,1,0.4648404159961501,711727,001,2025-09-02_11h25.38.848,adaptive_staircase,,2025.1.1,None,2025-09-02 11h25.42.079798 +0530,
41,1,1.0,46.57904054199753,,46.571757041994715,46.57904054199753,47.06993120900006,47.06993120900006,47.074803249997785,47.35739133399329,47.63818383400212,right,1.0,1,1,0.56314654200105,711727,001,2025-09-02_11h25.38.848,adaptive_staircase,,2025.1.1,None,2025-09-02 11h25.42.079798 +0530,
42,1,1.0,47.646330042000045,,47.63860687499982,47.646330042000045,48.13668687499012,48.13668687499012,48.14171404199442,48.42396133400325,48.70466133399168,left,-1.0,1,1,0.5641892919957172,711727,001,2025-09-02_11h25.38.848,adaptive_staircase,,2025.1.1,None,2025-09-02 11h25.42.079798 +0530,
43,1,1.0,48.712155458997586,,48.704990375001216,48.712155458997586,49.20318908400077,49.20318908400077,49.20732658400084,49.489408708992414,49.75452024998958,right,1.0,1,1,0.5457366250047926,711727,001,2025-09-02_11h25.38.848,adaptive_staircase,,2025.1.1,None,2025-09-02 11h25.42.079798 +0530,
44,1,1.0,49.76232449999952,,49.754797333996976,49.76232449999952,50.25312458399276,50.25312458399276,50.256691542002955,50.5396777499991,50.83856012499018,left,-1.0,1,1,0.5738715000043157,711727,001,2025-09-02_11h25.38.848,adaptive_staircase,,2025.1.1,None,2025-09-02 11h25.42.079798 +0530,
45,1,1.0,50.84686583399889,,50.83903358399402,50.84686583399889,51.33635854200111,51.33635854200111,51.34064212499652,51.62339920899831,52.00464324999484,right,1.0,1,1,0.6586649169912562,711727,001,2025-09-02_11h25.38.848,adaptive_staircase,,2025.1.1,None,2025-09-02 11h25.42.079798 +0530,
46,1,1.0,52.012600749993,,52.00499254200258,52.012600749993,52.50325779199193,52.50325779199193,52.50792120899132,52.78994558399427,53.13803241700225,left,-1.0,1,1,0.6226411670068046,711727,001,2025-09-02_11h25.38.848,adaptive_staircase,,2025.1.1,None,2025-09-02 11h25.42.079798 +0530,
47,1,1.0,53.14696412500052,,53.138403249991825,53.14696412500052,53.63643816699914,53.63643816699914,53.64021616699756,53.92338062499766,54.17426516699197,right,1.0,1,1,0.5344538339995779,711727,001,2025-09-02_11h25.38.848,adaptive_staircase,,2025.1.1,None,2025-09-02 11h25.42.079798 +0530,
48,1,1.0,54.18646045899368,,54.174524791989825,54.18646045899368,54.66978945900337,54.66978945900337,54.673530041996855,54.957095374993514,55.38814949999505,right,1.0,1,1,0.7140932910115225,711727,001,2025-09-02_11h25.38.848,adaptive_staircase,,2025.1.1,None,2025-09-02 11h25.42.079798 +0530,
49,1,1.0,55.39638500000001,,55.38851487499778,55.39638500000001,55.88633574999403,55.88633574999403,55.890470792001,56.17360279199784,56.557331249990966,right,1.0,1,1,0.6695382920006523,711727,001,2025-09-02_11h25.38.848,adaptive_staircase,,2025.1.1,None,2025-09-02 11h25.42.079798 +0530,
50,1,1.0,56.56983179200324,,56.557579499989515,56.56983179200324,57.05302249999659,57.05302249999659,57.05695149999519,57.33950391699909,57.58812379199662,right,1.0,1,1,0.5197950000001583,711727,001,2025-09-02_11h25.38.848,adaptive_staircase,,2025.1.1,None,2025-09-02 11h25.42.079798 +0530,
51,1,1.0,57.59595441700367,,57.58849691700016,57.59595441700367,58.08634629199514,58.08634629199514,58.090439541992964,58.37321287499799,58.65723137499299,left,-1.0,1,1,0.5694419580104295,711727,001,2025-09-02_11h25.38.848,adaptive_staircase,,2025.1.1,None,2025-09-02 11h25.42.079798 +0530,
52,1,1.0,58.66975104199082,,58.657491874997504,58.66975104199082,59.15304716699757,59.15304716699757,59.15631779200339,59.43951962499705,59.75515420899319,right,1.0,1,1,0.5896969589957735,711727,001,2025-09-02_11h25.38.848,adaptive_staircase,,2025.1.1,None,2025-09-02 11h25.42.079798 +0530,
53,1,1.0,59.76316070900066,,59.75563358399086,59.76316070900066,60.25309208399267,60.25309208399267,60.25711241699173,60.53996720899886,60.807230999998865,right,1.0,1,1,0.5526521659921855,711727,001,2025-09-02_11h25.38.848,adaptive_staircase,,2025.1.1,None,2025-09-02 11h25.42.079798 +0530,
54,1,1.0,60.8197302089975,,60.80748399998993,60.8197302089975,61.30332591698971,61.30332591698971,61.307408416992985,61.589789833989926,62.03844449999451,left,-1.0,1,1,0.7234457919985289,711727,001,2025-09-02_11h25.38.848,adaptive_staircase,,2025.1.1,None,2025-09-02 11h25.42.079798 +0530,
55,1,1.0,62.047379041992826,,62.03891366699827,62.047379041992826,62.536420709002414,62.536420709002414,62.54083154199179,62.822618749996764,63.12142804199539,right,1.0,1,1,0.5763636250048876,711727,001,2025-09-02_11h25.38.848,adaptive_staircase,,2025.1.1,None,2025-09-02 11h25.42.079798 +0530,
56,1,1.0,63.129881083994405,,63.121803499991074,63.129881083994405,63.61981779200141,63.61981779200141,63.62480750000395,63.90629991699825,64.14154083399626,right,1.0,1,1,0.5178578330087475,711727,001,2025-09-02_11h25.38.848,adaptive_staircase,,2025.1.1,None,2025-09-02 11h25.42.079798 +0530,
57,1,1.0,64.15316045899817,,64.14180791699619,64.15316045899817,64.64220854199084,64.64220854199084,64.64220854199084,64.93953516699548,65.23873495899898,right,1.0,1,1,0.5824512089893688,711727,001,2025-09-02_11h25.38.848,adaptive_staircase,,2025.1.1,None,2025-09-02 11h25.42.079798 +0530,
58,1,1.0,65.24792366698966,,65.2393227089924,65.24792366698966,65.7363257919933,65.7363257919933,65.74018720899767,66.02357433400175,66.3385877499968,left,-1.0,1,1,0.5903594590054126,711727,001,2025-09-02_11h25.38.848,adaptive_staircase,,2025.1.1,None,2025-09-02 11h25.42.079798 +0530,
59,1,1.0,66.34720829199068,,66.33905287500238,66.34720829199068,66.8363045839942,66.8363045839942,66.84042820899049,67.12330162498984,67.4215527089982,right,1.0,1,1,0.5773020420019748,711727,001,2025-09-02_11h25.38.848,adaptive_staircase,,2025.1.1,None,2025-09-02 11h25.42.079798 +0530,
60,1,1.0,67.42948074999731,,67.42191383399768,67.42948074999731,67.91972712500137,67.91972712500137,67.92397487499693,68.20698358399386,68.50518329199986,right,1.0,1,1,0.5818412920052651,711727,001,2025-09-02_11h25.38.848,adaptive_staircase,,2025.1.1,None,2025-09-02 11h25.42.079798 +0530,
61,1,1.0,68.51379770899075,,68.50563804199919,68.51379770899075,69.00288587500108,69.00288587500108,69.00664799999504,69.28947633400094,69.50481704199046,right,1.0,1,1,0.49359437500243075,711727,001,2025-09-02_11h25.38.848,adaptive_staircase,,2025.1.1,None,2025-09-02 11h25.42.079798 +0530,
62,1,1.0,69.51299554199795,,69.50517858398962,69.51299554199795,70.00315395899815,70.00315395899815,70.00707679199695,70.29044395899109,70.48796975000005,right,1.0,1,1,0.48129362499457784,711727,001,2025-09-02_11h25.38.848,adaptive_staircase,,2025.1.1,None,2025-09-02 11h25.42.079798 +0530,
63,1,1.0,70.49651229199662,,70.48834633399383,70.49651229199662,70.98624333400221,70.98624333400221,70.99001470899384,71.2734099169902,71.50518720899709,right,1.0,1,1,0.504171167005552,711727,001,2025-09-02_11h25.38.848,adaptive_staircase,,2025.1.1,None,2025-09-02 11h25.42.079798 +0530,
64,1,1.0,71.51342874999682,,71.50561533399741,71.51342874999682,72.00291604199447,72.00291604199447,72.00723849999486,72.28959025000222,72.43846799999301,right,1.0,1,1,0.4265447090001544,711727,001,2025-09-02_11h25.38.848,adaptive_staircase,,2025.1.1,None,2025-09-02 11h25.42.079798 +0530,
65,1,1.0,72.44644208399404,,72.43893224999192,72.44644208399404,72.93615541700274,72.93615541700274,72.93941633400391,73.22316966699145,73.47104079199198,left,-1.0,1,1,0.5292703329905635,711727,001,2025-09-02_11h25.38.848,adaptive_staircase,,2025.1.1,None,2025-09-02 11h25.42.079798 +0530,
66,1,1.0,73.47791775000223,,73.47133062499051,73.47791775000223,73.96951566699136,73.96951566699136,73.97320745899924,74.25684449999244,74.42145954199077,left,-1.0,1,1,0.44791516700934153,711727,001,2025-09-02_11h25.38.848,adaptive_staircase,,2025.1.1,None,2025-09-02 11h25.42.079798 +0530,
67,1,1.0,74.42877499999304,,74.42182033399877,74.42877499999304,74.91974204199505,74.91974204199505,74.92428862499946,75.20703745899664,75.55458341698977,right,1.0,1,1,0.6287709169992013,711727,001,2025-09-02_11h25.38.848,adaptive_staircase,,2025.1.1,None,2025-09-02 11h25.42.079798 +0530,
68,1,1.0,75.56191041700367,,75.55495508399326,75.56191041700367,76.05296945899318,76.05296945899318,76.05777983399457,76.33956224999565,76.62184116699791,left,-1.0,1,1,0.5644407079962548,711727,001,2025-09-02_11h25.38.848,adaptive_staircase,,2025.1.1,None,2025-09-02 11h25.42.079798 +0530,
69,1,1.0,76.62956283400126,,76.6222944589972,76.62956283400126,77.11953304200142,77.11953304200142,77.12334329199803,77.40652729199792,77.63787674999912,left,-1.0,1,1,0.5048108750052052,711727,001,2025-09-02_11h25.38.848,adaptive_staircase,,2025.1.1,None,2025-09-02 11h25.42.079798 +0530,
70,0.5,1.0,77.64493045899144,,77.63821837499563,77.64493045899144,78.13622933399165,78.13622933399165,78.14059304200055,78.42262033399311,78.7212460419978,right,1.0,0,0,0.5760911249963101,711727,001,2025-09-02_11h25.38.848,adaptive_staircase,,2025.1.1,None,2025-09-02 11h25.42.079798 +0530,
71,0.5,1.5,78.72856162500102,,78.72166483399633,78.72856162500102,79.21964095899602,79.21964095899602,79.22464795899577,79.50652316700143,80.32443366700318,left,-1.5,1,1,1.102632625013939,711727,001,2025-09-02_11h25.38.848,adaptive_staircase,,2025.1.1,None,2025-09-02 11h25.42.079798 +0530,
72,0.5,1.5,80.33619954199821,,80.32469491699885,80.33619954199821,80.81955949999974,80.81955949999974,80.8233178340015,81.10607420899032,81.32164449999982,left,-1.5,1,1,0.49961658399843145,711727,001,2025-09-02_11h25.38.848,adaptive_staircase,,2025.1.1,None,2025-09-02 11h25.42.079798 +0530,
73,0.5,1.5,81.32905712499633,,81.32194395900297,81.32905712499633,81.81947729199601,81.81947729199601,81.82332679200044,82.10732499998994,82.28800758399302,left,-1.5,1,1,0.46480812499066815,711727,001,2025-09-02_11h25.38.848,adaptive_staircase,,2025.1.1,None,2025-09-02 11h25.42.079798 +0530,
74,0.5,1.0,82.29275125000277,,82.2883989999973,82.29275125000277,82.78613675000088,82.78613675000088,82.79059366699948,83.07365070898959,83.40707149999798,right,1.0,1,1,0.6180715420050547,711727,001,2025-09-02_11h25.38.848,adaptive_staircase,,2025.1.1,None,2025-09-02 11h25.42.079798 +0530,
75,0.5,1.0,83.41958237499057,,83.40733029200055,83.41958237499057,83.9028998339927,83.9028998339927,83.90624741699139,84.19008537499758,84.60437954199733,left,-1.0,0,0,0.6892776659951778,711727,001,2025-09-02_11h25.38.848,adaptive_staircase,,2025.1.1,None,2025-09-02 11h25.42.079798 +0530,
76,0.5,1.5,84.61158979199536,,84.60473841699422,84.61158979199536,85.10322795899992,85.10322795899992,85.11083054199116,85.390361999991,85.8221486669936,right,1.5,1,1,0.7149682919989573,711727,001,2025-09-02_11h25.38.848,adaptive_staircase,,2025.1.1,None,2025-09-02 11h25.42.079798 +0530,
77,0.5,1.5,85.82698366699333,,85.82279641699279,85.82698366699333,86.31958691700129,86.31958691700129,86.32426949999353,86.60651833399606,86.97105087499949,left,-1.5,1,1,0.6375625420041615,711727,001,2025-09-02_11h25.38.848,adaptive_staircase,,2025.1.1,None,2025-09-02 11h25.42.079798 +0530,
78,0.5,1.5,86.97814937499061,,86.9713927089906,86.97814937499061,87.46942241699435,87.46942241699435,87.4735432919988,87.75679145900358,88.10706537499209,left,-1.5,1,1,0.633694625008502,711727,001,2025-09-02_11h25.38.848,adaptive_staircase,,2025.1.1,None,2025-09-02 11h25.42.079798 +0530,
79,0.5,1.0,88.11949533400184,,88.10733695900126,88.11949533400184,88.60289145899878,88.60289145899878,88.60764891699364,88.88984204200096,89.18776962500124,left,-1.0,1,1,0.5831647910090396,711727,001,2025-09-02_11h25.38.848,adaptive_staircase,,2025.1.1,None,2025-09-02 11h25.42.079798 +0530,
80,0.5,1.0,89.19495654199272,,89.18814041699807,89.19495654199272,89.68605645900243,89.68605645900243,89.69016929199279,89.97232049999002,90.2212183340016,left,-1.0,1,1,0.5220879169937689,711727,001,2025-09-02_11h25.38.848,adaptive_staircase,,2025.1.1,None,2025-09-02 11h25.42.079798 +0530,
81,0.5,1.0,90.22870195900032,,90.22161283399328,90.22870195900032,90.71933191700373,90.71933191700373,90.72259745899646,91.00611495900375,92.12113112499355,left,-1.0,0,0,1.3876302910066443,711727,001,2025-09-02_11h25.38.848,adaptive_staircase,,2025.1.1,None,2025-09-02 11h25.42.079798 +0530,
82,0.5,1.5,92.12862837499415,,92.1215382090013,92.12862837499415,92.6195281669934,92.6195281669934,92.62451791699277,92.90639249999367,93.33793983400392,right,1.5,1,1,0.7104370830056723,711727,001,2025-09-02_11h25.38.848,adaptive_staircase,,2025.1.1,None,2025-09-02 11h25.42.079798 +0530,
83,0.5,1.5,93.34536329199909,,93.3383077920007,93.34536329199909,93.83603454199329,93.83603454199329,93.84059808400343,94.12249675000203,95.18763233399659,right,1.5,1,1,1.3409911250055302,711727,001,2025-09-02_11h25.38.848,adaptive_staircase,,2025.1.1,None,2025-09-02 11h25.42.079798 +0530,
84,0.5,1.5,95.1949046249938,,95.1880099169939,95.1949046249938,95.68601958399813,95.68601958399813,95.69032687500294,95.97301333399082,96.49063104199013,left,-1.5,1,1,0.8007894170004874,711727,001,2025-09-02_11h25.38.848,adaptive_staircase,,2025.1.1,None,2025-09-02 11h25.42.079798 +0530,
85,0.5,1.0,96.50270945898956,,96.49089683400234,96.50270945898956,96.99048587499419,96.99048587499419,96.99048587499419,97.28940391699143,97.80694429199502,left,-1.0,1,1,0.8143804999999702,711727,001,2025-09-02_11h25.38.848,adaptive_staircase,,2025.1.1,None,2025-09-02 11h25.42.079798 +0530,
86,0.5,1.0,97.81935112499923,,97.80719591699017,97.81935112499923,98.30274420899514,98.30274420899514,98.30630004199338,98.5895002920006,98.98775666700385,right,1.0,1,1,0.6731557920138584,711727,001,2025-09-02_11h25.38.848,adaptive_staircase,,2025.1.1,None,2025-09-02 11h25.42.079798 +0530,
87,0.5,1.0,98.9951072089898,,98.9881363750028,98.9951072089898,99.4859780419938,99.4859780419938,99.49007504199108,99.77296783399652,100.5214914590033,right,1.0,1,1,1.022832374990685,711727,001,2025-09-02_11h25.38.848,adaptive_staircase,,2025.1.1,None,2025-09-02 11h25.42.079798 +0530,
88,0.5,1.0,100.52928862499539,,100.52196529199136,100.52928862499539,101.01927108399104,101.01927108399104,101.0230958339962,101.30622954199498,101.78804433399637,right,1.0,1,1,0.7605420000036247,711727,001,2025-09-02_11h25.38.848,adaptive_staircase,,2025.1.1,None,2025-09-02 11h25.42.079798 +0530,
89,0.5,1.0,101.79495699999097,,101.78838333400199,101.79495699999097,102.28580474999035,102.28580474999035,102.28933924999728,102.57245337500353,102.9585467500001,right,1.0,1,1,0.6680387499945937,711727,001,2025-09-02_11h25.38.848,adaptive_staircase,,2025.1.1,None,2025-09-02 11h25.42.079798 +0530,
90,0.5,1.0,102.96909295899968,,102.95900745899417,102.96909295899968,103.45735924999462,103.45735924999462,103.45735924999462,103.75673512500362,104.04136529199604,right,1.0,1,1,0.5823166249901988,711727,001,2025-09-02_11h25.38.848,adaptive_staircase,,2025.1.1,None,2025-09-02 11h25.42.079798 +0530,
91,0.5,1.0,104.0527304589923,,104.04162379199988,104.0527304589923,104.54089633400145,104.54089633400145,104.54089633400145,104.83600133399887,105.15438141699997,right,1.0,1,1,0.6019059579994064,711727,001,2025-09-02_11h25.38.848,adaptive_staircase,,2025.1.1,None,2025-09-02 11h25.42.079798 +0530,
92,0.5,1.0,105.16181920899544,,105.15475358399271,105.16181920899544,105.65267645899439,105.65267645899439,105.6564534999925,105.9390900839935,106.17363641699194,right,1.0,1,1,0.519194124994101,711727,001,2025-09-02_11h25.38.848,adaptive_staircase,,2025.1.1,None,2025-09-02 11h25.42.079798 +0530,
93,0.5,1.0,106.1860841250018,,106.1738784170011,106.1860841250018,106.66923983399465,106.66923983399465,106.6732164999994,106.95657670899527,107.22070662499755,right,1.0,1,1,0.5494274160009809,711727,001,2025-09-02_11h25.38.848,adaptive_staircase,,2025.1.1,None,2025-09-02 11h25.42.079798 +0530,
94,0.5,1.0,107.2283059170004,,107.22108733399364,107.2283059170004,107.71938699999009,107.71938699999009,107.7241074170015,108.0066897499928,108.35427829199762,left,-1.0,0,0,0.6332808340084739,711727,001,2025-09-02_11h25.38.848,adaptive_staircase,,2025.1.1,None,2025-09-02 11h25.42.079798 +0530,
95,0.5,1.5,108.36153024999658,,108.35462979199656,108.36153024999658,108.8525737500022,108.8525737500022,108.85615520899592,109.14019633400312,109.48735358400154,left,-1.5,1,1,0.629100959005882,711727,001,2025-09-02_11h25.38.848,adaptive_staircase,,2025.1.1,None,2025-09-02 11h25.42.079798 +0530,
96,0.5,1.5,109.49496062500111,,109.48772454199207,109.49496062500111,109.98584774999472,109.98584774999472,109.98993791699468,110.27311170900066,110.62149112499901,left,-1.5,1,1,0.6257981660019141,711727,001,2025-09-02_11h25.38.848,adaptive_staircase,,2025.1.1,None,2025-09-02 11h25.42.079798 +0530,
97,0.5,1.5,110.62932616699254,,110.62195899999642,110.62932616699254,111.11924516699219,111.11924516699219,111.12305079199723,111.406221792,111.82141662499635,left,-1.5,1,1,0.6902967920032097,711727,001,2025-09-02_11h25.38.848,adaptive_staircase,,2025.1.1,None,2025-09-02 11h25.42.079798 +0530,
98,0.5,1.0,111.8291866669897,,111.82190958400315,111.8291866669897,112.31917466699088,112.31917466699088,112.32270654199237,112.6055979590019,112.98994066700106,left,-1.0,1,1,0.6684238329908112,711727,001,2025-09-02_11h25.38.848,adaptive_staircase,,2025.1.1,None,2025-09-02 11h25.42.079798 +0530,
99,0.5,1.0,113.00254304199188,,112.99019845899602,113.00254304199188,113.48584666699753,113.48584666699753,113.49054116698971,113.77334041699942,114.24127870899974,left,-1.0,1,1,0.7517132500070147,711727,001,2025-09-02_11h25.38.848,adaptive_staircase,,2025.1.1,None,2025-09-02 11h25.42.079798 +0530,
